id,titol,any,convocatoria,serie,exercici,opcio,format,curriculum,bloc,subtemes,tipus,dificultat,punts_total,n_apartats,n_figures,paraules_clau,revisat
2013_ext_s1_P1_apollo-11-orbita-lluna,Mòdul Columbia de l'Apollo 11 en òrbita lunar,2013,extraordinaria,1,1,,antic,actual,Camps gravitatoris,òrbites circulars i satèl·lits; camp gravitatori i superposició; velocitat d'escapament,càlcul,2,2,2,1,Apollo 11; mòdul Columbia; Lluna; massa de la Lluna; òrbita circular; període orbital; gravetat superficial; velocitat d'escapament,False
2013_ext_s1_P2_electrons-camp-magnetic-trajectories,Dos electrons que entren en sentits contraris en un camp magnètic,2013,extraordinaria,1,2,,antic,actual,Camps electromagnètics,moviment de càrregues en camps magnètics,qualitativa; diagrama,2,2,2,3,electrons; força de Lorentz; camp magnètic; trajectòria circular; sentit de gir; camp paral·lel a la velocitat,False
2013_ext_s1_P3A_electroforesi-camp-electric,Camp elèctric uniforme en un aparell d'electroforesi,2013,extraordinaria,1,3,A,antic,actual,Camps electromagnètics,línies de camp i superfícies equipotencials; potencial i energia potencial elèctrica; moviment de càrregues en camps elèctrics,diagrama; càlcul; qualitativa,2,2,2,2,electroforesi; camp elèctric uniforme; elèctrodes; superfícies equipotencials; diferència de potencial; timina; força de fricció; moviment rectilini uniforme,False
2013_ext_s1_P3B_iode-131-gammagrafia,Iode 131 com a radiofàrmac per a gammagrafies,2013,extraordinaria,1,3,B,antic,actual,"Física relativista, quàntica i nuclear",radioactivitat i llei de desintegració; aplicacions i riscos de la radioactivitat,càlcul; qualitativa,1,2,2,1,iode 131; radiofàrmac; gammagrafia; període de semidesintegració; llei de desintegració radioactiva; desintegració beta; xenó 131,False
2013_ext_s1_P4A_molla-mhs-grafica-energia,Oscil·lador de molla a partir de la gràfica elongació-temps,2013,extraordinaria,1,4,A,antic,actual,Vibracions i ones,moviment harmònic simple; energia del MHS,gràfic; càlcul,2,2,2,2,molla; gràfica elongació-temps; amplitud; freqüència angular; període; fase inicial; equació del moviment; energia mecànica; constant elàstica,False
2013_ext_s1_P4B_clarinet-tub-harmonic-decibels,Ones estacionàries en un clarinet i nivell d'intensitat sonora,2013,extraordinaria,1,4,B,antic,actual,Vibracions i ones,ressonància i harmònics en tubs i cordes; ones estacionàries; ones sonores i nivell d'intensitat,càlcul; gràfic,2,2,2,1,clarinet; tub obert per un extrem; ones estacionàries; harmònics; longitud d'ona; nivell d'intensitat sonora; decibels; duplicar la intensitat,False
2013_ext_s1_P5A_fotoelectric-potassi-potencial-frenada,Efecte fotoelèctric amb un elèctrode de potassi i un material desconegut,2013,extraordinaria,1,5,A,antic,actual,"Física relativista, quàntica i nuclear",efecte fotoelèctric; fotons i energia de la radiació,càlcul,2,2,2,1,efecte fotoelèctric; potassi; treball d'extracció; potencial de frenada; tub de buit; llum violada; velocitat dels electrons; identificació d'un element,False
2013_ext_s1_P5B_quatre-carregues-quadrat-energia,Quatre càrregues iguals als vèrtexs d'un quadrat,2013,extraordinaria,1,5,B,antic,actual,Camps electromagnètics,potencial i energia potencial elèctrica; camp elèctric i llei de Coulomb; equilibri de càrregues en camps elèctrics,càlcul; diagrama,3,2,2,1,quatre càrregues; quadrat; energia de formació; energia potencial electrostàtica; llei de Coulomb; superposició de forces; equilibri; càrrega al centre,False
2013_ord_s3_P1_galileu-satellits-orbita-circular,Satèl·lits del sistema de navegació Galileu en òrbita circular,2013,ordinaria,3,1,,antic,actual,Camps gravitatoris,òrbites circulars i satèl·lits; lleis de Kepler,càlcul,2,2,2,1,Galileu; sistema de navegació; satèl·lit; òrbita circular; període orbital; velocitat orbital; tercera llei de Kepler,False
2013_ord_s3_P2_cambra-acceleradora-electrons,Cambra acceleradora d'electrons,2013,ordinaria,3,2,,antic,actual,Camps electromagnètics,moviment de càrregues en camps elèctrics; potencial i energia potencial elèctrica,càlcul; qualitativa,2,2,2,1,cambra acceleradora; electró; MRUA; camp elèctric uniforme; diferència de potencial; energia; electronvolt,False
2013_ord_s3_P3A_fotoelectric-plom-constant-planck,Efecte fotoelèctric en una placa de plom i constant de Planck,2013,ordinaria,3,3,A,antic,actual,"Física relativista, quàntica i nuclear",efecte fotoelèctric; fotons i energia de la radiació,càlcul; deducció,3,2,2,0,efecte fotoelèctric; plom; radiació ultraviolada; potencial de frenada; funció de treball; constant de Planck; velocitat dels fotoelectrons,False
2013_ord_s3_P3B_poloni-210-desintegracio-alfa,Desintegració alfa del poloni 210,2013,ordinaria,3,3,B,antic,actual,"Física relativista, quàntica i nuclear",radioactivitat i llei de desintegració; reaccions nuclears i defecte de massa,càlcul,2,2,2,0,poloni 210; desintegració alfa; plom; període de semidesintegració; constant de desintegració; llei de desintegració radioactiva,False
2013_ord_s3_P4A_bobina-flux-grafica-fem,Flux i FEM en una bobina dins d'un camp magnètic variable (gràfica B-t),2013,ordinaria,3,4,A,antic,actual,Camps electromagnètics,flux magnètic i inducció (Faraday-Lenz),càlcul; gràfic,3,2,2,1,bobina; flux magnètic; inducció electromagnètica; llei de Faraday; força electromotriu; gràfica B(t); espires quadrades,False
2013_ord_s3_P4B_molla-mhs-energies-equacio,Massa i molla en MHS a partir de les energies inicials,2013,ordinaria,3,4,B,antic,actual,Vibracions i ones,moviment harmònic simple; energia del MHS,càlcul,3,2,2,0,molla; moviment harmònic simple; energia cinètica; energia potencial elàstica; constant recuperadora; amplitud; fase inicial; equació del moviment,False
2013_ord_s3_P5A_guitarra-corda-nivell-sonor,Ona estacionària en una corda de guitarra i nivell d'intensitat sonora,2013,ordinaria,3,5,A,antic,actual,Vibracions i ones,ones estacionàries; ressonància i harmònics en tubs i cordes; ones sonores i nivell d'intensitat,càlcul,2,2,2,0,guitarra; corda; ona estacionària; mode fonamental; velocitat de propagació; nivell d'intensitat sonora; decibels; intensitat llindar,False
2013_ord_s3_P5B_generador-bobina-transformador,Petit generador de corrent altern i transformador,2013,ordinaria,3,5,B,antic,actual,Camps electromagnètics,"generadors, motors i transformadors; flux magnètic i inducció (Faraday-Lenz)",càlcul; gràfic,3,2,2,1,generador; corrent altern; bobina giratòria; força electromotriu; transformador; primari; secundari; valors eficaços,False
2013_ord_s4_P1_ceres-planeta-nan,"Camp gravitatori, escapament i òrbita del planeta nan Ceres",2013,ordinaria,4,1,,antic,actual,Camps gravitatoris,camp gravitatori i superposició; velocitat d'escapament; lleis de Kepler,càlcul,2,2,2,1,Ceres; planeta nan; cinturó d'asteroides; intensitat de camp gravitatori; velocitat d'escapament; energia mecànica; tercera llei de Kepler; distància mitjana al Sol,False
2013_ord_s4_P2_vibracions-molesties-mhs,Vibracions molestes de 6 Hz i moviment harmònic simple,2013,ordinaria,4,2,,antic,actual,Vibracions i ones,moviment harmònic simple,càlcul,1,2,2,0,vibracions; confort; acceleració màxima; amplitud; freqüència; constant elàstica; molla; oscil·lador harmònic,False
2013_ord_s4_P3A_llentia-carregada-lamines,Llentia carregada penjada d'un fil entre dues làmines,2013,ordinaria,4,3,A,antic,actual,Camps electromagnètics,equilibri de càrregues en camps elèctrics; potencial i energia potencial elèctrica,càlcul; diagrama,3,2,2,2,pèndol elèctric; llentia carregada; làmines paral·leles; camp elèctric uniforme; equilibri; tensió del fil; angle; diferència de potencial,False
2013_ord_s4_P3B_quadrat-dues-carregues,Camp i treball amb dues càrregues en els vèrtexs d'un quadrat,2013,ordinaria,4,3,B,antic,actual,Camps electromagnètics,camp elèctric i llei de Coulomb; potencial i energia potencial elèctrica,càlcul,3,2,2,1,càrregues puntuals; quadrat; principi de superposició; camp elèctric; potencial elèctric; treball de la força elèctrica; dipol,False
2013_ord_s4_P4A_americi-241-seaborg,Obtenció de l'americi 241 a partir del plutoni,2013,ordinaria,4,4,A,antic,actual,"Física relativista, quàntica i nuclear",reaccions nuclears i defecte de massa; radioactivitat i llei de desintegració,càlcul; context-històric,2,2,2,1,americi 241; plutoni; Seaborg; captura de neutrons; desintegració beta; conservació del nombre màssic; període de semidesintegració; percentatge desintegrat,False
2013_ord_s4_P4B_datacio-potassi-argo,Datació radiomètrica amb el rellotge potassi-argó,2013,ordinaria,4,4,B,antic,actual,"Física relativista, quàntica i nuclear",radioactivitat i llei de desintegració; reaccions nuclears i defecte de massa; aplicacions i riscos de la radioactivitat,càlcul,3,2,2,0,potassi 40; argó 40; datació radiomètrica; desintegració beta; positró; període de semidesintegració; edat d'una roca; geologia,False
2013_ord_s4_P5A_espira-circular-flux-fem,Flux i FEM induïda en una espira circular amb camp decreixent,2013,ordinaria,4,5,A,antic,actual,Camps electromagnètics,flux magnètic i inducció (Faraday-Lenz),càlcul; qualitativa; gràfic,2,2,2,1,espira circular; flux magnètic; angle amb la normal; llei de Faraday; força electromotriu induïda; camp magnètic variable; gràfica B-t,False
2013_ord_s4_P5B_espira-triangular-fem,FEM induïda en una espira triangular que entra en un camp magnètic,2013,ordinaria,4,5,B,antic,actual,Camps electromagnètics,flux magnètic i inducció (Faraday-Lenz),càlcul; gràfic; qualitativa,4,2,2,2,espira triangular; camp magnètic uniforme; flux magnètic; àrea variable; llei de Faraday; llei de Lenz; força electromotriu induïda; sentit del corrent; gràfica FEM-temps,False
2014_ext_s5_P2_bohr-hidrogen-forca-frequencia,"Força elèctrica, freqüència i energia de l'electró en el model de Bohr",2014,extraordinaria,5,2,,antic,actual,Camps electromagnètics,camp elèctric i llei de Coulomb; potencial i energia potencial elèctrica; model de Bohr i espectres atòmics,càlcul,3,2,2,1,àtom d'hidrogen; model de Bohr; Niels Bohr; llei de Coulomb; força elèctrica; freqüència de gir; acceleració centrípeta; energia mecànica,False
2014_ext_s5_P3A_fotoelectric-coure-grafica,Efecte fotoelèctric en el coure a partir d'una gràfica,2014,extraordinaria,5,3,A,antic,actual,"Física relativista, quàntica i nuclear",efecte fotoelèctric; fotons i energia de la radiació,càlcul; gràfic; qualitativa,3,2,2,1,efecte fotoelèctric; coure; freqüència llindar; constant de Planck; pendent; energia cinètica; gràfica; velocitat dels electrons,False
2014_ext_s5_P3B_tub-buit-fotoelectric-coure,Tub de buit amb efecte fotoelèctric en un elèctrode de coure,2014,extraordinaria,5,3,B,antic,actual,"Física relativista, quàntica i nuclear",efecte fotoelèctric; fotons i energia de la radiació; moviment de càrregues en camps elèctrics,càlcul,4,2,2,1,tub de buit; efecte fotoelèctric; coure; treball d'extracció; camp elèctric uniforme; diferència de potencial; conservació de l'energia; electronvolt,False
2014_ext_s5_P4A_fil-suspes-camp-magnetic-espira,Fil conductor suspès per un camp magnètic i espira sense FEM induïda,2014,extraordinaria,5,4,A,antic,actual,Camps electromagnètics,força magnètica sobre corrents i entre fils; flux magnètic i inducció (Faraday-Lenz),càlcul; qualitativa,3,2,2,0,fil conductor; levitació magnètica; força de Lorentz sobre un corrent; producte vectorial; pes; espira circular; flux magnètic; FEM induïda,False
2014_ext_s5_P4B_selector-velocitats-electrons,Selector de velocitats per a electrons i moviment circular en el camp magnètic,2014,extraordinaria,5,4,B,antic,actual,Camps electromagnètics,"selector de velocitats, espectròmetre i ciclotró; moviment de càrregues en camps magnètics",càlcul; diagrama; qualitativa,3,2,2,3,selector de velocitats; electrons; força elèctrica; força magnètica; força de Lorentz; moviment circular uniforme; radi de gir; freqüència de ciclotró,False
2014_ext_s5_P5A_molla-grafica-massa-periode,Constant elàstica d'una molla a partir de la gràfica massa–període al quadrat,2014,extraordinaria,5,5,A,antic,actual,Vibracions i ones,moviment harmònic simple; energia del MHS,càlcul; gràfic; experimental,2,2,2,1,molla; constant elàstica; període d'oscil·lació; gràfica massa-període; energia cinètica màxima; acceleració màxima; fregament; treball,False
2014_ext_s5_P5B_tub-ressonancia-diapaso-decibels,Tub de ressonància amb diapasó i nivell sonor,2014,extraordinaria,5,5,B,antic,actual,Vibracions i ones,ressonància i harmònics en tubs i cordes; ones estacionàries; ones sonores i nivell d'intensitat,càlcul; diagrama; experimental,3,2,2,2,tub de ressonància; diapasó; ona estacionària; ventre; node; velocitat del so; intensitat sonora; decibels,False
2014_ord_s3_P1_meteosat-orbita-geostacionaria,Meteosat en òrbita geostacionària,2014,ordinaria,3,1,,antic,actual,Camps gravitatoris,òrbites circulars i satèl·lits; energia mecànica orbital; velocitat d'escapament,càlcul,3,2,2,1,Meteosat; satèl·lit meteorològic; òrbita geostacionària; període orbital; altura orbital; energia cinètica; energia mecànica; escapament,False
2014_ord_s3_P2_dues-carregues-camp-potencial,Camp i potencial de dues càrregues puntuals,2014,ordinaria,3,2,,antic,actual,Camps electromagnètics,camp elèctric i llei de Coulomb; potencial i energia potencial elèctrica,càlcul; diagrama,3,2,2,1,càrregues puntuals; principi de superposició; camp elèctric; potencial elèctric; treball del camp elèctric; diferència de potencial,False
2014_ord_s3_P3A_fotoemissio-uv-funcio-treball,Espectroscòpia de fotoemissió ultraviolada,2014,ordinaria,3,3,A,antic,actual,"Física relativista, quàntica i nuclear",efecte fotoelèctric,càlcul; qualitativa,2,2,2,0,espectroscòpia de fotoemissió; radiació ultraviolada; funció de treball; energia cinètica màxima; longitud d'ona llindar; potència del feix; fotoelectrons,False
2014_ord_s3_P3B_carboni-14-datacio-restes,Datació de restes òssies amb carboni 14,2014,ordinaria,3,3,B,antic,actual,"Física relativista, quàntica i nuclear",radioactivitat i llei de desintegració; reaccions nuclears i defecte de massa; aplicacions i riscos de la radioactivitat,càlcul,3,2,2,0,carboni 14; datació radiomètrica; jaciment arqueològic; període de semidesintegració; desintegració beta; antineutrí; defecte de massa; nucleó,False
2014_ord_s3_P4A_transformador-soldadura-electrica,Transformador d'un aparell de soldadura elèctrica,2014,ordinaria,3,4,A,antic,actual,Camps electromagnètics,"generadors, motors i transformadors; flux magnètic i inducció (Faraday-Lenz)",càlcul,2,2,2,0,transformador; soldadura elèctrica; bobina primària; bobina secundària; relació d'espires; tensió alterna; potència elèctrica,False
2014_ord_s3_P4B_barra-mhs-forca-conductora,Barra en MHS sobre una forca conductora,2014,ordinaria,3,4,B,antic,actual,Camps electromagnètics,flux magnètic i inducció (Faraday-Lenz); moviment harmònic simple,càlcul; deducció,3,2,2,1,barra lliscant; forca conductora; flux magnètic; llei de Faraday; força electromotriu induïda; moviment harmònic simple; camp magnètic uniforme,False
2014_ord_s3_P5A_trompeta-ones-estacionaries,Ones estacionàries en una trompeta,2014,ordinaria,3,5,A,antic,actual,Vibracions i ones,ones estacionàries; ressonància i harmònics en tubs i cordes,càlcul; deducció,3,2,2,0,trompeta; instrument de vent; tub tancat per un extrem; harmònics; modes de vibració; pistó; longitud efectiva; velocitat del so,False
2014_ord_s3_P5B_timbre-escola-nivell-intensitat,Timbre d'una escola i nivell d'intensitat sonora,2014,ordinaria,3,5,B,antic,actual,Vibracions i ones,ones sonores i nivell d'intensitat,càlcul,2,2,2,0,timbre; nivell d'intensitat sonora; decibels; intensitat del so; potència sonora; emissor puntual; llindar d'audició; telèfon intel·ligent,False
2014_ord_s4_P1_meteorit-lluna-energia-mecanica,Meteorit que cau sobre la Lluna,2014,ordinaria,4,1,,antic,actual,Camps gravitatoris,energia potencial i potencial gravitatori; energia mecànica orbital; òrbites circulars i satèl·lits,càlcul; qualitativa,3,2,2,0,meteorit; Lluna; conservació de l'energia; energia potencial gravitatòria; energia mecànica; òrbita circular; velocitat d'impacte,False
2014_ord_s4_P2_motor-ionic-xeno-plaques,Motor iònic d'ions de xenó,2014,ordinaria,4,2,,antic,actual,Camps electromagnètics,moviment de càrregues en camps elèctrics; potencial i energia potencial elèctrica,càlcul; qualitativa,2,2,2,1,motor iònic; ions de xenó; nau espacial; camp elèctric uniforme; plaques paral·leles; diferència de potencial; teorema de les forces vives; unitat de massa atòmica,False
2014_ord_s4_P3A_poloni-210-litvinenko,Enverinament de Litvinenko amb poloni 210,2014,ordinaria,4,3,A,antic,actual,"Física relativista, quàntica i nuclear",radioactivitat i llei de desintegració; aplicacions i riscos de la radioactivitat,càlcul,2,2,2,1,poloni 210; Litvinenko; desintegració alfa; plom; període de semidesintegració efectiu; llei de desintegració; enverinament; síndrome de radiació aguda,False
2014_ord_s4_P3B_porta-fotoelectric-de-broglie,Porta automàtica amb dispositiu fotoelèctric,2014,ordinaria,4,3,B,antic,actual,"Física relativista, quàntica i nuclear",efecte fotoelèctric; dualitat ona-partícula,càlcul,2,2,2,0,porta automàtica; cèl·lula fotoelèctrica; efecte fotoelèctric; funció de treball; energia cinètica dels fotoelectrons; longitud d'ona de De Broglie; infraroig,False
2014_ord_s4_P4A_vareta-forca-conductora-fem,Vareta que llisca sobre una forca conductora,2014,ordinaria,4,4,A,antic,actual,Camps electromagnètics,flux magnètic i inducció (Faraday-Lenz); força magnètica sobre corrents i entre fils,càlcul; qualitativa; diagrama,3,2,2,2,vareta mòbil; forca conductora; força electromotriu induïda; llei de Faraday; llei de Lenz; sentit del corrent; força magnètica; llei d'Ohm,False
2014_ord_s4_P4B_protons-aula-camp-magnetic,Protons que entren en un camp magnètic dins l'aula,2014,ordinaria,4,4,B,antic,actual,Camps electromagnètics,moviment de càrregues en camps magnètics,càlcul; qualitativa,2,2,2,0,protons; força de Lorentz; producte vectorial; camp magnètic uniforme; moviment circular uniforme; radi de la trajectòria; aula,False
2014_ord_s4_P5A_agulla-maquina-cosir-mhs,Agulla d'una màquina de cosir en MHS,2014,ordinaria,4,5,A,antic,actual,Vibracions i ones,moviment harmònic simple,càlcul,2,2,2,1,màquina de cosir; agulla; moviment harmònic simple; freqüència; amplitud; equació del moviment; velocitat màxima; acceleració màxima,False
2014_ord_s4_P5B_violi-corda-ones-estacionaries,Ones estacionàries en la corda d'un violí,2014,ordinaria,4,5,B,antic,actual,Vibracions i ones,ones estacionàries; ressonància i harmònics en tubs i cordes,càlcul; qualitativa; diagrama,2,2,2,3,violí; corda; ona estacionària; mode fonamental; harmònics; nodes i ventres; velocitat de propagació,False
2015_ext_s5_P1_curiosity-mart-deimos,"Mart, Deimos i el robot Curiosity",2015,extraordinaria,5,1,,antic,actual,Camps gravitatoris,camp gravitatori i superposició; òrbites circulars i satèl·lits; velocitat d'escapament,càlcul,2,2,2,1,Mart; Deimos; Fobos; Curiosity; massa d'un planeta; radi orbital; període orbital; velocitat d'escapament,False
2015_ext_s5_P2_doppler-grafica-intensitat-sonora,Efecte Doppler a partir d'una gràfica i intensitat sonora,2015,extraordinaria,5,2,,antic,actual,Vibracions i ones,efecte Doppler; ones sonores i nivell d'intensitat,càlcul; gràfic; experimental,3,2,2,2,efecte Doppler; font de so en moviment; freqüència percebuda; gràfica; intensitat sonora; nivell d'intensitat; decibels; potència sonora,False
2015_ext_s5_P3A_rado-222-desintegracio-gamma,Desintegració alfa del radó 222 i fotons gamma,2015,extraordinaria,5,3,A,antic,actual,"Física relativista, quàntica i nuclear",radioactivitat i llei de desintegració; fotons i energia de la radiació,càlcul,1,2,2,0,radó 222; desintegració alfa; equació nuclear; raigs gamma; fotó; freqüència; longitud d'ona; radiacions ionitzants,False
2015_ext_s5_P3B_copernici-sintesi-desintegracio,Síntesi i sèrie radioactiva del copernici 277,2015,extraordinaria,5,3,B,antic,actual,"Física relativista, quàntica i nuclear",reaccions nuclears i defecte de massa; radioactivitat i llei de desintegració,càlcul; qualitativa,2,2,2,1,copernici; elements superpesants; reacció nuclear; neutró; període de semidesintegració; sèrie radioactiva; desintegració alfa; GSI Darmstadt,False
2015_ext_s5_P4A_esferes-carregades-penjades,Dues esferes carregades penjades de fils,2015,extraordinaria,5,4,A,antic,actual,Camps electromagnètics,equilibri de càrregues en camps elèctrics; camp elèctric i llei de Coulomb,càlcul; diagrama,3,2,2,2,esferes carregades; pèndol elèctric; llei de Coulomb; equilibri de forces; tensió del fil; camp elèctric; superposició,False
2015_ext_s5_P4B_dues-carregues-energia-treball,Energia potencial de dues càrregues de signe contrari,2015,extraordinaria,5,4,B,antic,actual,Camps electromagnètics,potencial i energia potencial elèctrica,càlcul,1,2,2,0,càrregues puntuals; energia potencial elèctrica; treball extern; força elèctrica; separació de càrregues,False
2015_ext_s5_P5A_selector-velocitats-proto,Selector de velocitats amb un protó,2015,extraordinaria,5,5,A,antic,actual,Camps electromagnètics,"selector de velocitats, espectròmetre i ciclotró; moviment de càrregues en camps magnètics",càlcul; diagrama,2,2,2,1,selector de velocitats; protó; camps creuats; força de Lorentz; gauss; radi de curvatura; trajectòria circular,False
2015_ext_s5_P5B_espira-giratoria-flux-fem,Espira circular que gira en un camp magnètic,2015,extraordinaria,5,5,B,antic,actual,Camps electromagnètics,"flux magnètic i inducció (Faraday-Lenz); generadors, motors i transformadors",càlcul; deducció,2,2,2,1,espira giratòria; flux magnètic; llei de Faraday; força electromotriu; velocitat angular; rpm; generador,False
2015_ord_s2_P1_teranyina-insecte-mhs,Vibració d'un insecte atrapat en una teranyina (MHS),2015,ordinaria,2,1,,antic,actual,Vibracions i ones,moviment harmònic simple,càlcul; deducció,2,2,2,1,teranyina; aranya; insecte; MHS; constant elàstica; freqüència; període; acceleració màxima,False
2015_ord_s2_P2_plaques-camp-electric-pols,Partícules de pols entre dues plaques carregades,2015,ordinaria,2,2,,antic,actual,Camps electromagnètics,potencial i energia potencial elèctrica; línies de camp i superfícies equipotencials; equilibri de càrregues en camps elèctrics; moviment de càrregues en camps elèctrics,càlcul; diagrama; qualitativa,3,2,2,2,plaques paral·leles; camp elèctric uniforme; diferència de potencial; línies de camp; partícula de pols; equilibri; càrrega elèctrica; segona llei de Newton,False
2015_ord_s2_P3A_galatea-neptu-satellit,"Galatea, satèl·lit de Neptú",2015,ordinaria,2,3,A,antic,actual,Camps gravitatoris,òrbites circulars i satèl·lits; camp gravitatori i superposició,càlcul,2,2,2,1,Galatea; Neptú; Voyager 2; satèl·lit; velocitat orbital; massa del planeta; intensitat del camp gravitatori; superfície,False
2015_ord_s2_P3B_estacio-espacial-velocitat-escapament,Estació Espacial Internacional i llançament d'un coet,2015,ordinaria,2,3,B,antic,actual,Camps gravitatoris,òrbites circulars i satèl·lits; velocitat d'escapament; energia mecànica orbital,càlcul,3,2,2,1,Estació Espacial Internacional; velocitat orbital; període orbital; velocitat d'escapament; coet; conservació de l'energia,False
2015_ord_s2_P4A_tres-fils-quadrat-camp-forca,Tres fils conductors als vèrtexs d'un quadrat,2015,ordinaria,2,4,A,antic,actual,Camps electromagnètics,camp magnètic creat per corrents; força magnètica sobre corrents i entre fils,càlcul; diagrama,3,2,2,4,fils conductors; fil infinit; quadrat; camp magnètic; superposició; força entre corrents; regla de la mà dreta; producte vectorial,False
2015_ord_s2_P4B_transformador-bobines-220-110,Transformador reductor de 220 V a 110 V amb bobines,2015,ordinaria,2,4,B,antic,actual,Camps electromagnètics,"generadors, motors i transformadors; flux magnètic i inducció (Faraday-Lenz)",qualitativa; càlcul; diagrama,2,2,2,1,transformador; bobines; espires; primari; secundari; tensió eficaç; valor màxim; corrent altern; potència,False
2015_ord_s2_P5A_urani-235-activitat-massa,Activitat i massa d'una mostra d'urani-235,2015,ordinaria,2,5,A,antic,actual,"Física relativista, quàntica i nuclear",radioactivitat i llei de desintegració,càlcul,2,2,2,0,urani-235; període de semidesintegració; constant de desintegració; activitat; becquerel; nombre d'Avogadro; llei de desintegració radioactiva,False
2015_ord_s2_P5B_cellula-fotoelectrica-llum-blava,Cèl·lula fotoelèctrica il·luminada amb llum blava,2015,ordinaria,2,5,B,antic,actual,"Física relativista, quàntica i nuclear",efecte fotoelèctric; fotons i energia de la radiació,càlcul,2,2,2,0,cèl·lula fotoelèctrica; llum blava; àngstrom; freqüència llindar; treball d'extracció; energia cinètica màxima; potencial de frenada; constant de Planck,False
2015_ord_s4_P1_dues-carregues-triangle-equilater,Camp i potencial de dues càrregues oposades en el vèrtex d'un triangle equilàter,2015,ordinaria,4,1,,antic,actual,Camps electromagnètics,camp elèctric i llei de Coulomb; potencial i energia potencial elèctrica,càlcul; diagrama; qualitativa,3,2,2,1,dipol elèctric; càrregues de signe contrari; triangle equilàter; superposició; camp elèctric; potencial elèctric; energia potencial elèctrica,False
2015_ord_s4_P2_desintegracions-successives-grafica,Dues desintegracions successives a partir d'un gràfic N-Z,2015,ordinaria,4,2,,antic,actual,"Física relativista, quàntica i nuclear",radioactivitat i llei de desintegració,gràfic; càlcul,3,2,2,2,desintegració beta; desintegració alfa; gràfic N-Z; plom-212; bismut-212; tal·li-208; antineutrí; període de semidesintegració; llei de desintegració,False
2015_ord_s4_P3A_sputnik-1-orbita-energia,Òrbita i energia de posada en òrbita de l'Sputnik 1,2015,ordinaria,4,3,A,antic,actual,Camps gravitatoris,òrbites circulars i satèl·lits; energia mecànica orbital,qualitativa; càlcul,3,2,2,1,Sputnik 1; satèl·lit geostacionari; òrbita circular; altura orbital; energia mecànica; rotació de la Terra; Baikonur; tercera llei de Kepler,False
2015_ord_s4_P3B_velocitat-escapament-lluna,Velocitat d'escapament i altura màxima a la Lluna,2015,ordinaria,4,3,B,antic,actual,Camps gravitatoris,velocitat d'escapament; energia potencial i potencial gravitatori,deducció; càlcul,3,2,2,0,velocitat d'escapament; Lluna; conservació de l'energia mecànica; llançament vertical; altura màxima; energia potencial gravitatòria,False
2015_ord_s4_P4A_particules-camp-magnetic-trajectories,Dues partícules carregades en un camp magnètic uniforme,2015,ordinaria,4,4,A,antic,actual,Camps electromagnètics,moviment de càrregues en camps magnètics,qualitativa; càlcul; diagrama,3,2,2,2,força de Lorentz; camp magnètic uniforme; trajectòria circular; signe de la càrrega; radi de la trajectòria; freqüència; producte vectorial,False
2015_ord_s4_P4B_boia-marina-mhs-energia,Boia marina amb moviment harmònic simple,2015,ordinaria,4,4,B,antic,actual,Vibracions i ones,moviment harmònic simple; energia del MHS,càlcul,2,2,2,0,boia; onatge; moviment harmònic simple; amplitud; període; equació del moviment; velocitat màxima; energia cinètica,False
2015_ord_s4_P5A_soprano-longitud-ona-nivell-sonor,"Veu de soprano, longituds d'ona i potència sonora",2015,ordinaria,4,5,A,antic,actual,Vibracions i ones,ones sonores i nivell d'intensitat,càlcul,2,2,2,0,soprano; so; longitud d'ona; freqüència; nivell d'intensitat sonora; decibels; potència sonora; ona esfèrica,False
2015_ord_s4_P5B_fil-infinit-espira-camp-magnetic,Camp magnètic d'un fil infinit i d'una espira al centre de l'espira,2015,ordinaria,4,5,B,antic,actual,Camps electromagnètics,camp magnètic creat per corrents,càlcul; qualitativa,3,2,2,2,fil infinit; espira circular; camp magnètic; superposició; regla de la mà dreta; camp nul; intensitat de corrent,False
2016_ext_s1_P1_curiosity-descens-mart,Descens del robot Curiosity a Mart,2016,extraordinaria,1,1,,antic,actual,Camps gravitatoris,energia potencial i potencial gravitatori; energia mecànica orbital; camp gravitatori i superposició; llei de la gravitació universal,càlcul,3,2,2,2,Curiosity; Mart; càpsula d'entrada atmosfèrica; energia mecànica; energia potencial gravitatòria; intensitat de camp gravitatori; força gravitatòria; descens,False
2016_ext_s1_P2_dos-fils-paralels-camp,Camp magnètic de dos fils paral·lels amb corrents iguals,2016,extraordinaria,1,2,,antic,actual,Camps electromagnètics,camp magnètic creat per corrents,càlcul; diagrama,2,2,2,2,fil rectilini; corrent elèctric; camp magnètic; superposició; regla de la mà dreta; fils paral·lels,False
2016_ext_s1_P3A_orgue-sagrada-familia-tub,Tub d'orgue obert de la Sagrada Família,2016,extraordinaria,1,3,A,antic,actual,Vibracions i ones,ressonància i harmònics en tubs i cordes; ones estacionàries,càlcul,2,2,2,1,orgue; Sagrada Família; tub obert; harmònics; freqüència fonamental; heli; velocitat del so,False
2016_ext_s1_P3B_boia-marina-ona-harmonica,Boia marina i equació de l'onatge,2016,extraordinaria,1,3,B,antic,actual,Vibracions i ones,ones harmòniques i equació d'ona,càlcul,1,2,2,0,boia marina; onatge; longitud d'ona; nombre d'ona; freqüència angular; equació d'ona; amplitud,False
2016_ext_s1_P4A_nuvol-gota-carregada,Gota d'aigua carregada sota un núvol,2016,extraordinaria,1,4,A,antic,actual,Camps electromagnètics,equilibri de càrregues en camps elèctrics; potencial i energia potencial elèctrica; camp elèctric i llei de Coulomb,càlcul; diagrama; qualitativa,2,2,2,1,núvol; gota d'aigua; camp elèctric uniforme; diferència de potencial; velocitat constant; equilibri de forces; pes; càrrega negativa,False
2016_ext_s1_P4B_dues-carregues-camp-potencial,Camp i potencial de dues càrregues en un triangle,2016,extraordinaria,1,4,B,antic,actual,Camps electromagnètics,camp elèctric i llei de Coulomb; potencial i energia potencial elèctrica,càlcul; diagrama; qualitativa,3,2,2,2,càrregues puntuals; camp elèctric; superposició; potencial elèctric; punt de camp nul; triangle isòsceles,False
2016_ext_s1_P5A_fluor18-tep-positro,Fluor 18 en la tomografia per emissió de positrons,2016,extraordinaria,1,5,A,antic,actual,"Física relativista, quàntica i nuclear",radioactivitat i llei de desintegració; aplicacions i riscos de la radioactivitat; física de partícules; fotons i energia de la radiació,càlcul; qualitativa,3,2,2,1,fluor 18; TEP; tomografia per emissió de positrons; positró; anihilació; fotons gamma; període de semidesintegració; radiofàrmac,False
2016_ext_s1_P5B_irradiancia-solar-fotons,Fotons de la irradiància solar,2016,extraordinaria,1,5,B,antic,actual,"Física relativista, quàntica i nuclear",fotons i energia de la radiació,càlcul,2,2,2,0,irradiància solar; fotó; energia del fotó; longitud d'ona; electronvolt; potència; nombre de fotons,False
2016_ord_s3_P1_forat-negre-estrella-orbita,Estrella en òrbita al voltant del forat negre A0620-00,2016,ordinaria,3,1,,antic,actual,Camps gravitatoris,òrbites circulars i satèl·lits; lleis de Kepler,deducció; càlcul; diagrama,2,2,2,2,forat negre; A0620-00; estrella; òrbita circular; tercera llei de Kepler; període orbital; velocitat orbital; acceleració centrípeta,False
2016_ord_s3_P2_molles-mhs-frequencia-doble,Dues molles idèntiques oscil·lant amb freqüències diferents,2016,ordinaria,3,2,,antic,actual,Vibracions i ones,moviment harmònic simple,càlcul; gràfic,3,2,2,1,molla; oscil·lador harmònic; constant elàstica; freqüència angular; període; velocitat màxima; gràfica velocitat-temps; diferència de fase,False
2016_ord_s3_P3A_ratpenats-ultrasons-eco,Ecolocalització dels ratpenats amb ultrasons,2016,ordinaria,3,3,A,antic,actual,Vibracions i ones,ones harmòniques i equació d'ona; ones sonores i nivell d'intensitat,càlcul,3,2,2,1,ratpenat; ultrasons; eco; longitud d'ona; diferència de fase; intensitat sonora; nivell d'intensitat; decibels,False
2016_ord_s3_P3B_dipol-superficies-equipotencials,Superfícies equipotencials d'un dipol elèctric,2016,ordinaria,3,3,B,antic,actual,Camps electromagnètics,línies de camp i superfícies equipotencials; potencial i energia potencial elèctrica,diagrama; qualitativa; càlcul,3,2,2,2,dipol elèctric; superfícies equipotencials; línies de camp; potencial elèctric; superposició; càrregues puntuals,False
2016_ord_s3_P4A_cano-electronic-plaques,Canó electrònic i desviació entre plaques,2016,ordinaria,3,4,A,antic,actual,Camps electromagnètics,moviment de càrregues en camps elèctrics; potencial i energia potencial elèctrica; línies de camp i superfícies equipotencials,càlcul; diagrama,3,2,2,4,canó electrònic; electró; plaques paral·leles; diferència de potencial; conservació de l'energia; camp elèctric uniforme; desviació; components de la velocitat,False
2016_ord_s3_P4B_potassi-40-desintegracio-beta,Desintegracions del potassi 40,2016,ordinaria,3,4,B,antic,actual,"Física relativista, quàntica i nuclear",radioactivitat i llei de desintegració; fotons i energia de la radiació; reaccions nuclears i defecte de massa,càlcul,2,2,2,0,potassi 40; desintegració beta; neutrí; antineutrí; captura electrònica; raigs gamma; equivalència massa-energia,False
2016_ord_s3_P5A_fotoelectric-grafica-planck,Constant de Planck a partir d'una gràfica de l'efecte fotoelèctric,2016,ordinaria,3,5,A,antic,actual,"Física relativista, quàntica i nuclear",efecte fotoelèctric,gràfic; càlcul; experimental,2,2,2,2,efecte fotoelèctric; constant de Planck; energia cinètica màxima; freqüència llindar; treball d'extracció; pendent; gràfica,False
2016_ord_s3_P5B_espira-camp-magnetic-centre,Camp magnètic al centre d'una espira circular,2016,ordinaria,3,5,B,antic,actual,Camps electromagnètics,camp magnètic creat per corrents,càlcul; qualitativa,1,2,2,2,espira circular; camp magnètic; centre de l'espira; regla de la mà dreta; sentit del corrent; microtesla,False
2016_ord_s5_P1_piston-motor-mhs,Pistó d'un motor d'explosió amb moviment harmònic simple,2016,ordinaria,5,1,,antic,actual,Vibracions i ones,moviment harmònic simple,càlcul,2,2,2,0,pistó; motor d'explosió; revolucions per minut; amplitud; fase inicial; velocitat màxima; força recuperadora màxima,False
2016_ord_s5_P2_dues-carregues-camp-potencial,Camp i potencial nul entre dues càrregues puntuals,2016,ordinaria,5,2,,antic,actual,Camps electromagnètics,camp elèctric i llei de Coulomb; potencial i energia potencial elèctrica,càlcul,2,2,2,0,càrregues puntuals; superposició; camp elèctric; potencial elèctric nul; llei de Coulomb,False
2016_ord_s5_P3A_mimas-saturn-orbita-energia,"Mimas, satèl·lit de Saturn en òrbita circular",2016,ordinaria,5,3,A,antic,actual,Camps gravitatoris,òrbites circulars i satèl·lits; energia mecànica orbital,càlcul; qualitativa,3,2,2,1,Saturn; Mimas; període orbital; radi orbital; altura de l'òrbita; velocitat orbital; energia mecànica; òrbita lligada,False
2016_ord_s5_P3B_caiguda-lliure-gravetat-altura,Salt en caiguda lliure des de 330 km d'altura,2016,ordinaria,5,3,B,antic,actual,Camps gravitatoris,camp gravitatori i superposició; energia potencial i potencial gravitatori,càlcul,2,2,2,1,caiguda lliure; paracaigudista; rècord; intensitat del camp gravitatori; variació de g amb l'altura; conservació de l'energia,False
2016_ord_s5_P4A_electro-neutro-proto-camp-magnetic,"Electró, neutró i protó en un camp magnètic i fil infinit",2016,ordinaria,5,4,A,antic,actual,Camps electromagnètics,moviment de càrregues en camps magnètics; camp magnètic creat per corrents,càlcul; qualitativa,3,2,2,0,força de Lorentz; electró; neutró; protó; moviment circular; sentit de gir; fil infinit; anul·lació del camp magnètic,False
2016_ord_s5_P4B_desintegracio-activitat-semivida,"Llei de desintegració radioactiva, semivida i activitat",2016,ordinaria,5,4,B,antic,actual,"Física relativista, quàntica i nuclear",radioactivitat i llei de desintegració,càlcul; qualitativa,2,2,2,0,llei de desintegració; constant de desintegració; període de semidesintegració; activitat; nuclis radioactius,False
2016_ord_s5_P5A_cellula-fotoelectrica-llum-verda,Cèl·lula fotoelèctrica il·luminada amb llum verda,2016,ordinaria,5,5,A,antic,actual,"Física relativista, quàntica i nuclear",efecte fotoelèctric,càlcul; qualitativa,2,2,2,0,cèl·lula fotoelèctrica; llum verda; potencial de frenada; treball d'extracció; freqüència llindar; longitud d'ona llindar,False
2016_ord_s5_P5B_particula-alfa-camp-magnetic,Partícula alfa en un camp magnètic uniforme,2016,ordinaria,5,5,B,antic,actual,Camps electromagnètics,moviment de càrregues en camps magnètics,càlcul; diagrama,2,2,2,1,partícula alfa; força de Lorentz; producte vectorial; trajectòria circular; sentit de gir; radi de gir; freqüència ciclotrònica,False
2017_ext_s2_P1_energia-potencial-planeta-escapament,Gràfica de l'energia potencial en un planeta i velocitat d'escapament,2017,extraordinaria,2,1,,antic,actual,Camps gravitatoris,energia potencial i potencial gravitatori; camp gravitatori i superposició; velocitat d'escapament,gràfic; càlcul; deducció,3,2,2,2,energia potencial; gràfica; pendent; gravetat superficial; massa del planeta; velocitat d'escapament; conservació de l'energia,False
2017_ext_s2_P2_onada-estadi-mhs,L'onada del públic en un estadi,2017,extraordinaria,2,2,,antic,actual,Vibracions i ones,ones harmòniques i equació d'ona; moviment harmònic simple,qualitativa; càlcul,2,2,2,1,onada; estadi; ona mecànica; ona transversal; longitud d'ona; pulsació; fase inicial; equació del moviment,False
2017_ext_s2_P3A_particula-alfa-nucli-urani,Partícula alfa dirigida cap a un nucli d'urani,2017,extraordinaria,2,3,A,antic,actual,Camps electromagnètics,camp elèctric i llei de Coulomb; potencial i energia potencial elèctrica; moviment de càrregues en camps elèctrics,càlcul,3,2,2,1,partícula alfa; nucli d'urani; camp elèctric; càrrega puntual; energia potencial elèctrica; conservació de l'energia; energia cinètica mínima,False
2017_ext_s2_P3B_iode-131-radioterapia,Iode 131 per a la radioteràpia de tiroide,2017,extraordinaria,2,3,B,antic,actual,"Física relativista, quàntica i nuclear",radioactivitat i llei de desintegració; fotons i energia de la radiació; aplicacions i riscos de la radioactivitat,càlcul,2,2,2,0,iode 131; radioteràpia; tiroide; desintegració beta; emissió gamma; xenó; període de semidesintegració; longitud d'ona del fotó,False
2017_ext_s2_P4A_rado-222-224-desintegracio,Desintegració de dues mostres de radó 222 i radó 224,2017,extraordinaria,2,4,A,antic,actual,"Física relativista, quàntica i nuclear",radioactivitat i llei de desintegració; reaccions nuclears i defecte de massa,càlcul,3,2,2,0,radó; desintegració alfa; desintegració beta; període de semidesintegració; constant de desintegració; nombre d'Avogadro; defecte de massa; poloni; franci,False
2017_ext_s2_P4B_quatre-carregues-camp-forca,Quatre càrregues en un rectangle i camp elèctric a l'origen,2017,extraordinaria,2,4,B,antic,actual,Camps electromagnètics,camp elèctric i llei de Coulomb,càlcul,3,2,2,1,càrregues puntuals; principi de superposició; camp elèctric; simetria; llei de Coulomb; força sobre un protó; components del camp,False
2017_ext_s2_P5A_bobina-rectangular-fem-induida,Força electromotriu induïda en una bobina rectangular que gira,2017,extraordinaria,2,5,A,antic,actual,Camps electromagnètics,"flux magnètic i inducció (Faraday-Lenz); generadors, motors i transformadors",càlcul; deducció,2,2,2,0,bobina rectangular; espira giratòria; força electromotriu induïda; flux magnètic; llei de Faraday; alternador; corrent màxim,False
2017_ext_s2_P5B_bobina-transformador-nucli-ferro,Bobina d'un transformador amb nucli de ferro,2017,extraordinaria,2,5,B,antic,actual,Camps electromagnètics,"camp magnètic creat per corrents; flux magnètic i inducció (Faraday-Lenz); generadors, motors i transformadors",càlcul,1,2,2,0,bobina; solenoide; transformador; nucli de ferro; permeabilitat magnètica; flux magnètic; intensitat de corrent; nombre d'electrons,False
2017_ord_s1_P1_exomars-schiaparelli-mart,ExoMars i la caiguda del mòdul Schiaparelli a Mart,2017,ordinaria,1,1,,antic,actual,Camps gravitatoris,òrbites circulars i satèl·lits; camp gravitatori i superposició; llei de la gravitació universal,càlcul,2,2,2,1,ExoMars; Schiaparelli; Mart; període orbital; gravetat superficial; caiguda lliure; velocitat d'impacte,False
2017_ord_s1_P2_rele-bobina-imant,Relé amb bobina i imant,2017,ordinaria,1,2,,antic,actual,Camps electromagnètics,"camp magnètic creat per corrents; imants, brúixoles i experiment d'Oersted",qualitativa; diagrama,3,2,2,4,relé; bobina; solenoide; imant; pols magnètics; material ferromagnètic; corrent altern; línies de camp magnètic,False
2017_ord_s1_P3A_vibrador-corda-ona,Ona transversal generada per un vibrador en una corda,2017,ordinaria,1,3,A,antic,actual,Vibracions i ones,ones harmòniques i equació d'ona; moviment harmònic simple,càlcul; gràfic; deducció,3,2,2,2,ona transversal; corda; vibrador; gràfic elongació-temps; període; freqüència; velocitat de propagació; equació d'ona; velocitat màxima,False
2017_ord_s1_P3B_agulla-maquina-cosir-mhs,Agulla d'una màquina de cosir en MHS,2017,ordinaria,1,3,B,antic,actual,Vibracions i ones,moviment harmònic simple,càlcul; gràfic,2,2,2,1,màquina de cosir; agulla; moviment harmònic simple; amplitud; freqüència angular; fase inicial; gràfica posició-temps; velocitat màxima; acceleració màxima,False
2017_ord_s1_P4A_sal-comuna-nacl-ions,Enllaç iònic de la sal comuna (NaCl),2017,ordinaria,1,4,A,antic,actual,Camps electromagnètics,potencial i energia potencial elèctrica; camp elèctric i llei de Coulomb,càlcul; qualitativa,3,2,2,1,sal comuna; clorur de sodi; enllaç iònic; ions; energia potencial elèctrica; treball; camp elèctric uniforme,False
2017_ord_s1_P5A_ferro-60-supernova,Ferro 60 d'una supernova propera,2017,ordinaria,1,5,A,antic,actual,"Física relativista, quàntica i nuclear",radioactivitat i llei de desintegració,càlcul,2,2,2,0,ferro 60; supernova; període de semidesintegració; desintegració beta; antineutrí; cobalt; níquel; isòtops,False
2017_ord_s1_P5B_nucli-radioactiu-activitat,Desintegració d'una mostra radioactiva,2017,ordinaria,1,5,B,antic,actual,"Física relativista, quàntica i nuclear",radioactivitat i llei de desintegració,càlcul,1,2,2,0,radioactivitat; període de semidesintegració; constant de desintegració; activitat; becquerel; llei de desintegració,False
2017_ord_s5_P1_estrella-neutrons-escapament,Camp gravitatori i velocitat d'escapament d'una estrella de neutrons,2017,ordinaria,5,1,,antic,actual,Camps gravitatoris,camp gravitatori i superposició; velocitat d'escapament; energia potencial i potencial gravitatori,càlcul; deducció,2,2,2,1,estrella de neutrons; supernova; intensitat de camp gravitatori; velocitat d'escapament; conservació de l'energia mecànica; Zwicky i Baade,False
2017_ord_s5_P2_remer-barca-ones,Ones a l'aigua observades des d'una barca,2017,ordinaria,5,2,,antic,actual,Vibracions i ones,ones harmòniques i equació d'ona,càlcul,2,2,2,0,ona a l'aigua; crestes; període; longitud d'ona; velocitat de propagació; equació d'ona; diferència de fase,False
2017_ord_s5_P3A_microscopi-fotons-electrons,Poder de resolució dels microscopis òptic i electrònic,2017,ordinaria,5,3,A,antic,actual,"Física relativista, quàntica i nuclear",fotons i energia de la radiació; dualitat ona-partícula,càlcul; qualitativa,2,2,2,1,microscopi òptic; microscopi electrònic; poder de resolució; fotó; quantitat de moviment; longitud d'ona de De Broglie; constant de Planck,False
2017_ord_s5_P3B_tori-cadena-desintegracio,Cadena de desintegració del tori-232,2017,ordinaria,5,3,B,antic,actual,"Física relativista, quàntica i nuclear",radioactivitat i llei de desintegració,càlcul; qualitativa,3,2,2,0,tori-232; plom-208; sèrie radioactiva; desintegració alfa; desintegració beta; antineutrí; període de semidesintegració; constant de desintegració,False
2017_ord_s5_P4A_selector-velocitats-heli,Selector de velocitats per a ions d'heli,2017,ordinaria,5,4,A,antic,actual,Camps electromagnètics,"selector de velocitats, espectròmetre i ciclotró; moviment de càrregues en camps magnètics",càlcul; diagrama; qualitativa,3,2,2,2,selector de velocitats; ió heli; força de Lorentz; força elèctrica; camp magnètic; radi de l'òrbita; moviment circular,False
2017_ord_s5_P4B_motor-faraday-imant,El motor elèctric de Faraday,2017,ordinaria,5,4,B,antic,actual,Camps electromagnètics,"força magnètica sobre corrents i entre fils; generadors, motors i transformadors; imants, brúixoles i experiment d'Oersted",diagrama; qualitativa; càlcul,3,2,2,3,Faraday; motor elèctric; imant; línies de camp; força sobre un conductor; producte vectorial; mercuri; sentit de gir,False
2017_ord_s5_P5A_carregues-rectangle-potencial,Tres càrregues als vèrtexs d'un rectangle,2017,ordinaria,5,5,A,antic,actual,Camps electromagnètics,camp elèctric i llei de Coulomb; potencial i energia potencial elèctrica,càlcul; diagrama,3,2,2,2,llei de Coulomb; superposició de forces; càrregues puntuals; rectangle; potencial elèctric; energia potencial d'una distribució,False
2017_ord_s5_P5B_atom-hidrogen-classic,Model clàssic de l'àtom d'hidrogen,2017,ordinaria,5,5,B,antic,actual,Camps electromagnètics,camp elèctric i llei de Coulomb; potencial i energia potencial elèctrica; model de Bohr i espectres atòmics,càlcul; diagrama,3,2,2,1,àtom d'hidrogen; model clàssic; electró; protó; força de Coulomb; camp elèctric; energia mecànica; electronvolt,False
2018_ext_s3_P1_ross128b-exoplaneta-densitat,"Exoplaneta Ross 128 b, massa de l'estrella i gravetat superficial",2018,extraordinaria,3,1,,antic,actual,Camps gravitatoris,òrbites circulars i satèl·lits; llei de la gravitació universal; camp gravitatori i superposició,càlcul,3,2,2,1,exoplaneta; Ross 128 b; massa d'una estrella; període orbital; òrbita circular; densitat; radi planetari; intensitat del camp gravitatori,False
2018_ext_s3_P2_grafica-mhs-ona-sonora,Gràfica d'un MHS i ona sonora generada,2018,extraordinaria,3,2,,antic,actual,Vibracions i ones,moviment harmònic simple; reflexió i refracció; efecte Doppler; ones sonores i nivell d'intensitat,gràfic; càlcul; qualitativa,2,2,2,2,gràfica posició-temps; amplitud; freqüència; equació del moviment; ona sonora; reflexió; canvi de medi; efecte Doppler,False
2018_ext_s3_P3A_lluna-camp-electric-pols,Camp elèctric lunar i partícules de pols en suspensió,2018,extraordinaria,3,3,A,antic,actual,Camps electromagnètics,equilibri de càrregues en camps elèctrics; moviment de càrregues en camps elèctrics; camp gravitatori i superposició,càlcul; qualitativa,3,2,2,1,Lluna; pols lunar; camp elèctric; equilibri de forces; relació càrrega/massa; força elèctrica; força gravitatòria; moviment uniformement accelerat,False
2018_ext_s3_P3B_nuvol-dues-carregues-camp,Model de dues càrregues puntuals en un núvol,2018,extraordinaria,3,3,B,antic,actual,Camps electromagnètics,camp elèctric i llei de Coulomb; potencial i energia potencial elèctrica,càlcul,3,2,2,2,núvol; tempesta; càrregues puntuals; camp elèctric; principi de superposició; components vectorials; energia potencial electrostàtica,False
2018_ext_s3_P4A_particula-camp-magnetic-radi,Partícula carregada en un camp magnètic uniforme,2018,extraordinaria,3,4,A,antic,actual,Camps electromagnètics,moviment de càrregues en camps magnètics,càlcul; diagrama; qualitativa,2,2,2,2,força de Lorentz; camp magnètic uniforme; trajectòria circular; radi de la trajectòria; període; velocitat angular; energia cinètica; moviment circular uniforme,False
2018_ext_s3_P4B_espira-quadrada-flux-fem,Flux i fem induïda en una espira quadrada,2018,extraordinaria,3,4,B,antic,actual,Camps electromagnètics,flux magnètic i inducció (Faraday-Lenz),càlcul; deducció,2,2,2,1,espira quadrada; flux magnètic; camp magnètic variable; llei de Faraday; força electromotriu induïda; valor màxim,False
2018_ext_s3_P5A_carboni14-datacio-momia,"Carboni 14, formació, desintegració i datació d'una mòmia",2018,extraordinaria,3,5,A,antic,actual,"Física relativista, quàntica i nuclear",reaccions nuclears i defecte de massa; radioactivitat i llei de desintegració; aplicacions i riscos de la radioactivitat,càlcul,2,2,2,0,carboni 14; datació radiomètrica; desintegració beta; neutró; antineutrí; període de semidesintegració; constant de desintegració; mòmia,False
2018_ext_s3_P5B_fotoelectric-llum-groga,Efecte fotoelèctric amb llum groga en un material alcalí,2018,extraordinaria,3,5,B,antic,actual,"Física relativista, quàntica i nuclear",fotons i energia de la radiació; efecte fotoelèctric,càlcul,1,2,2,0,efecte fotoelèctric; funció de treball; fotó; llum groga; freqüència; energia cinètica dels electrons; electronvolt,False
2018_ord_s1_P1_bohr-hidrogen-forca-potencial,"Àtom d'hidrogen de Bohr, força elèctrica i potencial",2018,ordinaria,1,1,,antic,actual,Camps electromagnètics,camp elèctric i llei de Coulomb; potencial i energia potencial elèctrica; model de Bohr i espectres atòmics,càlcul,2,2,2,1,àtom d'hidrogen; model de Bohr; llei de Coulomb; força elèctrica; acceleració; potencial elèctric; energia potencial; electronvolt,False
2018_ord_s1_P2_forat-negre-michell-escapament,Forat negre de Michell i velocitat d'escapament,2018,ordinaria,1,2,,antic,actual,Camps gravitatoris,velocitat d'escapament; camp gravitatori i superposició; llei de la gravitació universal,càlcul; qualitativa,3,2,2,1,forat negre; John Michell; ones gravitatòries; densitat; velocitat d'escapament; conservació de l'energia; intensitat del camp gravitatori; pes,False
2018_ord_s1_P3A_proto-espectrometre-camp-magnetic,Protó i electró en un espectròmetre de masses,2018,ordinaria,1,3,A,antic,actual,Camps electromagnètics,"moviment de càrregues en camps magnètics; selector de velocitats, espectròmetre i ciclotró",càlcul; qualitativa,3,2,2,0,protó; electró; espectròmetre de masses; força de Lorentz; producte vectorial; radi de la trajectòria; camp magnètic,False
2018_ord_s1_P3B_bacteri-magnetotactic-fils-paralels,Bacteris magnetotàctics i fils conductors paral·lels,2018,ordinaria,1,3,B,antic,actual,Camps electromagnètics,camp magnètic creat per corrents; força magnètica sobre corrents i entre fils,càlcul; diagrama,3,2,2,3,bacteri magnetotàctic; magnetosomes; camp magnètic terrestre; fil infinit; línia submarina; fils paral·lels; força entre corrents; regla de la mà dreta,False
2018_ord_s1_P4A_vaixell-onades-mhs,Vaixell a la deriva moguda per les ones (MHS),2018,ordinaria,1,4,A,antic,actual,Vibracions i ones,moviment harmònic simple,càlcul,2,2,2,0,vaixell; onades; moviment harmònic simple; amplitud; període; freqüència angular; fase inicial; velocitat; acceleració,False
2018_ord_s1_P4B_gos-borda-nivell-intensitat,Nivell d'intensitat sonora d'un gos que borda,2018,ordinaria,1,4,B,antic,actual,Vibracions i ones,ones sonores i nivell d'intensitat,càlcul,2,2,2,0,so; gos; potència sonora; intensitat; ona esfèrica; nivell d'intensitat sonora; decibels; suma de fonts,False
2018_ord_s1_P5A_poloni-210-desintegracio-alfa,Desintegració alfa del poloni-210,2018,ordinaria,1,5,A,antic,actual,"Física relativista, quàntica i nuclear",radioactivitat i llei de desintegració; reaccions nuclears i defecte de massa,càlcul,2,2,2,0,poloni-210; partícula alfa; plom; desintegració radioactiva; període de semidesintegració; constant de desintegració; llei de desintegració,False
2018_ord_s1_P5B_fotoelectric-metall-alcali,Efecte fotoelèctric en un metall alcalí,2018,ordinaria,1,5,B,antic,actual,"Física relativista, quàntica i nuclear",efecte fotoelèctric; fotons i energia de la radiació,càlcul,1,2,2,0,efecte fotoelèctric; metall alcalí; fotó; energia del fotó; treball d'extracció; energia cinètica màxima; electronvolt,False
2018_ord_s5_P1_orcus-kuiper-escapament,"Orcus, objecte del cinturó de Kuiper: òrbita i velocitat d'escapament",2018,ordinaria,5,1,,antic,actual,Camps gravitatoris,lleis de Kepler; velocitat d'escapament; camp gravitatori i superposició,càlcul; deducció,2,2,2,1,Orcus; cinturó de Kuiper; planeta nan; tercera llei de Kepler; unitat astronòmica; velocitat d'escapament; intensitat del camp gravitatori,False
2018_ord_s5_P2_tecneci-99m-radiotracador,Tecneci-99m com a radiotraçador en medicina,2018,ordinaria,5,2,,antic,actual,"Física relativista, quàntica i nuclear",radioactivitat i llei de desintegració; aplicacions i riscos de la radioactivitat,càlcul,2,2,2,0,tecneci-99m; radiotraçador; medicina nuclear; isòtop metaestable; desintegració gamma; període de semidesintegració; nombre màssic; neutrons,False
2018_ord_s5_P3A_vareta-esfera-mhs-hooke,Esfera d'acer en una vareta elàstica que oscil·la,2018,ordinaria,5,3,A,antic,actual,Vibracions i ones,moviment harmònic simple,càlcul; deducció,2,2,2,1,vareta elàstica; esfera d'acer; llei de Hooke; constant elàstica; segona llei de Newton; període d'oscil·lació; acceleració màxima,False
2018_ord_s5_P3B_espectre-harmonics-instrument,Espectre d'harmònics del so d'un instrument musical,2018,ordinaria,5,3,B,antic,actual,Vibracions i ones,ressonància i harmònics en tubs i cordes; ones sonores i nivell d'intensitat,gràfic; qualitativa; càlcul,3,2,2,2,espectre de freqüències; instrument musical; harmònics; freqüència fonamental; so complex; to pur; nivell d'intensitat sonora; decibels,False
2018_ord_s5_P4A_quatre-carregues-quadrat-camp,Quatre càrregues als vèrtexs d'un quadrat: camp i potencial,2018,ordinaria,5,4,A,antic,actual,Camps electromagnètics,camp elèctric i llei de Coulomb; potencial i energia potencial elèctrica,càlcul; diagrama,3,2,2,2,càrregues puntuals; quadrat; principi de superposició; vector camp elèctric; potencial elèctric; diferència de potencial,False
2018_ord_s5_P4B_electro-camp-electric-desviacio,Electró desviat per un camp elèctric uniforme,2018,ordinaria,5,4,B,antic,actual,Camps electromagnètics,moviment de càrregues en camps elèctrics,càlcul,3,2,2,1,electró; camp elèctric uniforme; força elèctrica; força gravitatòria; desviació; moviment parabòlic; acceleració,False
2018_ord_s5_P5A_bobina-gir-fem-alterna,Bobina que gira en un camp magnètic uniforme: fem alterna,2018,ordinaria,5,5,A,antic,actual,Camps electromagnètics,"flux magnètic i inducció (Faraday-Lenz); generadors, motors i transformadors",càlcul; gràfic,3,2,2,2,bobina; espires; generador; corrent altern; força electromotriu induïda; llei de Faraday; valor eficaç; valor màxim,False
2018_ord_s5_P5B_generador-espira-circular-flux,Generador simplificat: espira circular que gira en un camp magnètic,2018,ordinaria,5,5,B,antic,actual,Camps electromagnètics,"flux magnètic i inducció (Faraday-Lenz); generadors, motors i transformadors",càlcul; qualitativa,3,2,2,2,generador; espira circular; flux magnètic; força electromotriu induïda; llei de Faraday; revolucions per minut; velocitat angular,False
2019_ext_s5_P1_oscillador-energia-ona-corda,Oscil·lador harmònic a partir de la gràfica de l'energia potencial,2019,extraordinaria,5,1,,antic,actual,Vibracions i ones,moviment harmònic simple; energia del MHS; ones harmòniques i equació d'ona,càlcul; gràfic,3,2,2,2,oscil·lador harmònic; energia potencial elàstica; constant elàstica; pendent d'una gràfica; període; energia cinètica màxima; ona en una corda; equació d'ona,False
2019_ext_s5_P2_sonda-juno-jupiter,La sonda Juno en òrbita al voltant de Júpiter,2019,extraordinaria,5,2,,antic,actual,Camps gravitatoris,òrbites circulars i satèl·lits; energia mecànica orbital; velocitat d'escapament,càlcul,2,2,2,1,Júpiter; sonda Juno; òrbita circular; energia cinètica; període orbital; energia per abandonar el camp gravitatori; energia mecànica,False
2019_ext_s5_P3A_carregues-triangle-equilater,Tres càrregues als vèrtexs d'un triangle equilàter,2019,extraordinaria,5,3,A,antic,actual,Camps electromagnètics,camp elèctric i llei de Coulomb; potencial i energia potencial elèctrica,càlcul; diagrama; qualitativa,3,2,2,2,càrregues puntuals; triangle equilàter; baricentre; superposició de camps elèctrics; simetria; energia potencial electrostàtica d'un sistema,False
2019_ext_s5_P3B_gotes-oli-plaques-carregades,Gotes d'oli carregades entre dues plaques,2019,extraordinaria,5,3,B,antic,actual,Camps electromagnètics,equilibri de càrregues en camps elèctrics; potencial i energia potencial elèctrica,diagrama; càlcul,2,2,2,3,gotes d'oli; experiment de Millikan; plaques paral·leles; camp elèctric uniforme; diferència de potencial; equilibri de forces; càrrega elèctrica,False
2019_ext_s5_P4A_espira-rectangular-induccio,Espira rectangular que travessa un camp magnètic uniforme,2019,extraordinaria,5,4,A,antic,actual,Camps electromagnètics,flux magnètic i inducció (Faraday-Lenz),qualitativa; càlcul,3,2,2,2,espira rectangular; inducció electromagnètica; llei de Faraday; llei de Lenz; sentit del corrent induït; força electromotriu de moviment; variació de flux,False
2019_ext_s5_P4B_transformador-ideal,Transformador ideal amb nucli de ferro,2019,extraordinaria,5,4,B,antic,actual,Camps electromagnètics,"generadors, motors i transformadors; flux magnètic i inducció (Faraday-Lenz)",deducció; càlcul; diagrama,2,2,2,1,transformador ideal; bobina primària; bobina secundària; nombre d'espires; tensió eficaç; intensitat eficaç; conservació de la potència; nucli de ferro,False
2019_ext_s5_P5A_telescopi-magic-raigs-gamma,Raigs gamma detectats pel telescopi MAGIC,2019,extraordinaria,5,5,A,antic,actual,"Física relativista, quàntica i nuclear",fotons i energia de la radiació; relativitat especial,càlcul,1,2,2,0,telescopi MAGIC; raigs gamma; raigs còsmics; energia d'un fotó; freqüència; longitud d'ona; equivalència massa-energia; electronvolt,False
2019_ext_s5_P5B_fusio-proto-neutro-deuteri,Fusió d'un protó i un neutró per formar deuteri,2019,extraordinaria,5,5,B,antic,actual,"Física relativista, quàntica i nuclear",fissió i fusió; reaccions nuclears i defecte de massa; fotons i energia de la radiació,càlcul,2,2,2,0,fusió nuclear; protó; neutró; deuteri; isòtops de l'hidrogen; equació nuclear; defecte de massa; energia del fotó; freqüència,False
2019_ord_s1_P1_sincrotro-alba-electrons,Acceleració d'electrons al sincrotró Alba,2019,ordinaria,1,1,,antic,actual,Camps electromagnètics,moviment de càrregues en camps elèctrics; moviment de càrregues en camps magnètics; potencial i energia potencial elèctrica,càlcul; diagrama; qualitativa,2,2,2,3,sincrotró Alba; accelerador lineal; electró; camp elèctric uniforme; diferència de potencial; força de Lorentz; trajectòria circular; electronvolt,False
2019_ord_s1_P2_cubecat-nanosatellit-orbita,Òrbita del nanosatèl·lit CubeCat-1,2019,ordinaria,1,2,,antic,actual,Camps gravitatoris,òrbites circulars i satèl·lits; camp gravitatori i superposició,càlcul,2,2,2,1,CubeCat-1; nanosatèl·lit; UPC; període orbital; voltes per dia; pes a l'òrbita; intensitat del camp gravitatori; satèl·lit artificial,False
2019_ord_s1_P3A_astronauta-molla-pendol-lluna,Astronauta que es pesa amb una molla i pèndol a la Lluna,2019,ordinaria,1,3,A,antic,actual,Vibracions i ones,moviment harmònic simple; camp gravitatori i superposició,càlcul,2,2,2,0,astronauta; molla; massa en ingravidesa; pèndol simple; període d'oscil·lació; Lluna; intensitat del camp gravitatori; massa de la Lluna,False
2019_ord_s1_P3B_fil-espira-corrent-induit,Fil rectilini i espira rectangular amb corrent variable,2019,ordinaria,1,3,B,antic,actual,Camps electromagnètics,camp magnètic creat per corrents; flux magnètic i inducció (Faraday-Lenz),qualitativa; diagrama; gràfic,3,2,2,4,fil rectilini infinit; espira rectangular; regla de la mà dreta; camp no uniforme; flux magnètic; llei de Faraday; corrent induït; gràfica intensitat-temps,False
2019_ord_s1_P4A_carregues-quadrat-treball,Càrregues als vèrtexs d'un quadrat,2019,ordinaria,1,4,A,antic,actual,Camps electromagnètics,camp elèctric i llei de Coulomb; equilibri de càrregues en camps elèctrics; potencial i energia potencial elèctrica,càlcul,3,2,2,2,llei de Coulomb; càrregues puntuals; quadrat; superposició de forces; força nul·la; potencial elèctric; treball; centre del quadrat,False
2019_ord_s1_P4B_violoncel-tercer-harmonic,Tercer harmònic d'una corda de violoncel,2019,ordinaria,1,4,B,antic,actual,Vibracions i ones,ones estacionàries; ressonància i harmònics en tubs i cordes,càlcul; diagrama,2,2,2,1,violoncel; corda; tercer harmònic; ona estacionària; nodes; ventres; longitud d'ona; freqüència; període,False
2019_ord_s1_P5A_iter-fusio-deuteri-triti,Fusió deuteri-triti a l'ITER,2019,ordinaria,1,5,A,antic,actual,"Física relativista, quàntica i nuclear",fissió i fusió; reaccions nuclears i defecte de massa,càlcul,1,2,2,0,ITER; fusió nuclear; deuteri; triti; heli; neutró; equació nuclear; defecte de massa; energia alliberada,False
2019_ord_s1_P5B_fotoelectric-potencial-frenada,Efecte fotoelèctric amb radiació ultraviolada,2019,ordinaria,1,5,B,antic,actual,"Física relativista, quàntica i nuclear",efecte fotoelèctric; fotons i energia de la radiació,càlcul; deducció,2,2,2,0,efecte fotoelèctric; radiació ultraviolada; potencial de frenada; energia del fotó; treball d'extracció; velocitat màxima; fotoelectrons; balanç d'energia,False
2019_ord_s4_P1_virus-massa-oscillador,Mesura de la massa d'un virus amb un oscil·lador,2019,ordinaria,4,1,,antic,actual,Vibracions i ones,moviment harmònic simple,càlcul,2,2,2,0,virus; massa d'un virus; oscil·lador; molla; constant elàstica; freqüència angular; freqüència d'oscil·lació,False
2019_ord_s4_P2_tercera-llei-kepler-massa-sol,"Kepler, Brahe i la massa del Sol",2019,ordinaria,4,2,,antic,actual,Camps gravitatoris,lleis de Kepler; òrbites circulars i satèl·lits; llei de la gravitació universal,deducció; càlcul,2,2,2,1,Kepler; Tycho Brahe; tercera llei de Kepler; massa del Sol; planetes; període orbital; moviment circular uniforme,False
2019_ord_s4_P3A_efecte-fotoelectric-sodi,Efecte fotoelèctric en una placa de sodi,2019,ordinaria,4,3,A,antic,actual,"Física relativista, quàntica i nuclear",efecte fotoelèctric; fotons i energia de la radiació,deducció; càlcul; qualitativa,2,2,2,0,efecte fotoelèctric; sodi; funció de treball; treball d'extracció; longitud d'ona llindar; energia cinètica màxima; potencial de frenada; electronvolt,False
2019_ord_s4_P3B_ruteni-106-activitat,Fuita de ruteni 106 a Europa,2019,ordinaria,4,3,B,antic,actual,"Física relativista, quàntica i nuclear",radioactivitat i llei de desintegració; reaccions nuclears i defecte de massa,càlcul; qualitativa,2,2,2,0,ruteni 106; rodi 106; desintegració beta; antineutrí; activitat; període de semidesintegració; constant de desintegració; accident radioactiu,False
2019_ord_s4_P4A_camp-electric-terra-gota,Camp elèctric terrestre i gota d'aigua en equilibri,2019,ordinaria,4,4,A,antic,actual,Camps electromagnètics,camp elèctric i llei de Coulomb; equilibri de càrregues en camps elèctrics,càlcul; qualitativa,3,2,2,0,camp elèctric terrestre; càrrega de la Terra; gota d'aigua; electrons en excés; equilibri de forces; pes; densitat,False
2019_ord_s4_P4B_descarrega-arc-tres-electrons,Descàrrega en arc i energia de tres electrons,2019,ordinaria,4,4,B,antic,actual,Camps electromagnètics,potencial i energia potencial elèctrica,càlcul,2,2,2,1,ruptura dielèctrica; descàrrega en arc; diferència de potencial; camp elèctric uniforme; energia potencial electrostàtica; sistema de càrregues; electrons; triangle equilàter,False
2019_ord_s4_P5A_altaveu-bobina-imant,Altaveu d'imant i bobina,2019,ordinaria,4,5,A,antic,actual,Camps electromagnètics,"camp magnètic creat per corrents; imants, brúixoles i experiment d'Oersted; generadors, motors i transformadors",qualitativa,3,2,2,1,altaveu; bobina; imant permanent; electroimant; pols magnètics; corrent altern; membrana; solenoide,False
2019_ord_s4_P5B_io-camp-magnetic-proto,Massa d'un ió en un camp magnètic i força sobre un protó,2019,ordinaria,4,5,B,antic,actual,Camps electromagnètics,"moviment de càrregues en camps magnètics; selector de velocitats, espectròmetre i ciclotró",càlcul; diagrama,3,2,2,3,força de Lorentz; ió pesant; trajectòria circular; freqüència angular; massa d'un ió; protó; regla de la mà dreta; producte vectorial,False
2020_ext_s4_P1_terra-periheli-afeli-sol,"Òrbita el·líptica de la Terra, periheli i afeli",2020,extraordinaria,4,1,,antic,actual,Camps gravitatoris,òrbites el·líptiques i moment angular; energia mecànica orbital; lleis de Kepler; camp gravitatori i superposició,diagrama; qualitativa; càlcul,3,2.5,2,1,Terra; Sol; periheli; afeli; òrbita el·líptica; conservació del moment angular; conservació de l'energia mecànica; segona llei de Kepler; intensitat del camp gravitatori; pes,False
2020_ext_s4_P2_esferes-molla-electro,Dues esferes carregades unides per una molla i un electró,2020,extraordinaria,4,2,,antic,actual,Camps electromagnètics,equilibri de càrregues en camps elèctrics; camp elèctric i llei de Coulomb; moviment de càrregues en camps elèctrics,càlcul; diagrama,3,2.5,2,2,llei de Coulomb; molla; llei de Hooke; esferes carregades; superposició de camps elèctrics; triangle equilàter; electró; acceleració,False
2020_ext_s4_P3_teranyina-aranya-mhs,Vibració d'una teranyina amb una aranya i un insecte,2020,extraordinaria,4,3,,antic,actual,Vibracions i ones,moviment harmònic simple,càlcul; qualitativa,3,2.5,2,0,teranyina; aranya; insecte; massa i molla; freqüència d'oscil·lació; constant elàstica; velocitat màxima; acceleració màxima; posició d'equilibri,False
2020_ext_s4_P4_proto-electro-camps-creuats,Protó i electró en camps elèctric i magnètic creuats,2020,extraordinaria,4,4,,antic,actual,Camps electromagnètics,"selector de velocitats, espectròmetre i ciclotró; moviment de càrregues en camps magnètics; moviment de càrregues en camps elèctrics",diagrama; càlcul; qualitativa,3,2.5,2,2,selector de velocitats; camps creuats; força de Lorentz; força elèctrica; força magnètica; producte vectorial; protó; electró,False
2020_ext_s4_P5_carboni14-datacio-elefant,Datació per carboni 14 d'ossos d'elefant,2020,extraordinaria,4,5,,antic,actual,"Física relativista, quàntica i nuclear",reaccions nuclears i defecte de massa; radioactivitat i llei de desintegració; aplicacions i riscos de la radioactivitat,càlcul; qualitativa,3,2.5,2,0,carboni 14; nitrogen 14; datació radiomètrica; rajos còsmics; captura de neutrons; defecte de massa; període de semidesintegració; constant de desintegració; ossos d'elefant,False
2020_ext_s4_P6_imant-espira-lenz,Imant que s'acosta i s'allunya d'una espira,2020,extraordinaria,4,6,,antic,actual,Camps electromagnètics,"flux magnètic i inducció (Faraday-Lenz); imants, brúixoles i experiment d'Oersted",qualitativa; diagrama,3,2.5,2,4,imant; espira; línies de camp magnètic; llei de Faraday; llei de Lenz; corrent induït; sentit del corrent; força atractiva; força repulsiva,False
2020_ext_s4_P7_corda-espectre-harmonics,Espectre d'una corda vibrant i ones estacionàries,2020,extraordinaria,4,7,,antic,actual,Vibracions i ones,ones estacionàries; ressonància i harmònics en tubs i cordes,gràfic; diagrama; càlcul,3,2.5,2,2,corda vibrant; espectre de freqüències; harmònics; nodes; ventres; longitud d'ona; velocitat de propagació; freqüència fonamental,False
2020_ext_s4_P8_fotocellula-llum-verda,Fotocèl·lula il·luminada amb llum verda,2020,extraordinaria,4,8,,antic,actual,"Física relativista, quàntica i nuclear",efecte fotoelèctric; fotons i energia de la radiació,càlcul; qualitativa,2,2.5,2,0,fotocèl·lula; efecte fotoelèctric; treball d'extracció; energia cinètica màxima; energia del fotó; llum verda; intensitat de la llum; corrent fotoelèctric,False
2020_ord_s1_P1_freddie-mercury-veu-so,La veu de Freddie Mercury i el concert de Rock in Rio,2020,ordinaria,1,1,,antic,actual,Vibracions i ones,ones sonores i nivell d'intensitat; ones harmòniques i equació d'ona,càlcul,2,2.5,2,1,Freddie Mercury; Queen; registre vocal; longitud d'ona; freqüència; potència sonora; intensitat sonora; nivell d'intensitat; decibels; font puntual,False
2020_ord_s1_P2_llamp-corrent-camp-magnetic,Corrent i camp magnètic d'un llamp,2020,ordinaria,1,2,,antic,actual,Camps electromagnètics,camp magnètic creat per corrents; moviment de càrregues en camps magnètics,càlcul; qualitativa,1,2.5,2,0,llamp; tempesta; intensitat de corrent; càrrega elèctrica; corrent rectilini; camp magnètic; força de Lorentz; càrrega en repòs,False
2020_ord_s1_P3_sonda-parker-orbita,Òrbita de la sonda solar Parker,2020,ordinaria,1,3,,antic,actual,Camps gravitatoris,òrbites el·líptiques i moment angular; lleis de Kepler; energia mecànica orbital,gràfic; diagrama; qualitativa,4,2.5,2,2,sonda solar Parker; òrbita el·líptica; periheli; afeli; eix major; radis solars; segona llei de Kepler; conservació de l'energia mecànica; vectors velocitat i acceleració,False
2020_ord_s1_P4_esferes-carregades-pendols,Dues esferes carregades penjades de fils,2020,ordinaria,1,4,,antic,actual,Camps electromagnètics,equilibri de càrregues en camps elèctrics; camp elèctric i llei de Coulomb,càlcul; diagrama; qualitativa,3,2.5,2,4,pèndol elèctric; esferes carregades; llei de Coulomb; condició d'equilibri; tensió del fil; diagrama de forces; camp elèctric; força elèctrica,False
2020_ord_s1_P5_carboni14-sarcofag,Datació d'un sarcòfag amb carboni 14,2020,ordinaria,1,5,,antic,actual,"Física relativista, quàntica i nuclear",radioactivitat i llei de desintegració; aplicacions i riscos de la radioactivitat,càlcul,2,2.5,2,0,carboni 14; datació radiomètrica; desintegració beta; antineutrí; període de semidesintegració; constant de desintegració; sarcòfag; raigs còsmics,False
2020_ord_s1_P6_apollo15-ploma-martell,L'experiment de la ploma i el martell de l'Apollo 15,2020,ordinaria,1,6,,antic,actual,Camps gravitatoris,camp gravitatori i superposició; llei de la gravitació universal; òrbites circulars i satèl·lits,càlcul,2,2.5,2,0,Apollo 15; David Scott; caiguda lliure; Galileu; Lluna; intensitat del camp gravitatori; massa de la Lluna; període orbital,False
2020_ord_s1_P7_dues-carregues-camp-potencial,Camp i potencial de dues càrregues puntuals,2020,ordinaria,1,7,,antic,actual,Camps electromagnètics,camp elèctric i llei de Coulomb; potencial i energia potencial elèctrica,càlcul,2,2.5,2,1,càrregues puntuals; camp elèctric; principi de superposició; potencial elèctric; potencial nul; llei de Coulomb,False
2020_ord_s1_P8_cellula-fotoelectrica-garatge,Cèl·lula fotoelèctrica de la porta del garatge,2020,ordinaria,1,8,,antic,actual,"Física relativista, quàntica i nuclear",efecte fotoelèctric; fotons i energia de la radiació,càlcul; gràfic; qualitativa,2,2.5,2,1,cèl·lula fotoelèctrica; porta del garatge; funció de treball; freqüència llindar; energia del fotó; energia cinètica màxima; electronvolt; fotocàtode,False
2020_ord_s3_P1_molla-energia-potencial-grafica,Molla horitzontal a partir de la gràfica de l'energia potencial elàstica,2020,ordinaria,3,1,,antic,actual,Vibracions i ones,moviment harmònic simple; energia del MHS,càlcul; gràfic,2,2.5,2,2,molla; llei de Hooke; constant elàstica; energia potencial elàstica; energia cinètica; energia mecànica; període; massa oscil·lant,False
2020_ord_s3_P2_fils-perpendiculars-bruixola,Brúixola sobre dos fils conductors perpendiculars,2020,ordinaria,3,2,,antic,actual,Camps electromagnètics,"camp magnètic creat per corrents; imants, brúixoles i experiment d'Oersted",qualitativa; diagrama; càlcul,3,2.5,2,4,fil rectilini; brúixola; regla de la mà dreta; superposició de camps magnètics; fils perpendiculars; vectors en 3D,False
2020_ord_s3_P3_io-callisto-jupiter,"Io i Cal·listo, llunes de Júpiter",2020,ordinaria,3,3,,antic,actual,Camps gravitatoris,òrbites circulars i satèl·lits; lleis de Kepler,càlcul,2,2.5,2,0,Júpiter; Io; Cal·listo; massa d'un planeta; tercera llei de Kepler; radi orbital; satèl·lit natural,False
2020_ord_s3_P4_accelerador-lineal-cilindres,Accelerador lineal de cilindres per a electrons,2020,ordinaria,3,4,,antic,actual,Camps electromagnètics,moviment de càrregues en camps elèctrics; potencial i energia potencial elèctrica; línies de camp i superfícies equipotencials; relativitat especial,càlcul; diagrama; qualitativa,3,2.5,2,2,accelerador lineal; electró; camp elèctric uniforme; diferència de potencial; línies de camp; electronvolt; velocitat superior a c; correcció relativista,False
2020_ord_s3_P5_cesi-137-vins,Datació de vins amb cesi 137,2020,ordinaria,3,5,,antic,actual,"Física relativista, quàntica i nuclear",radioactivitat i llei de desintegració; reaccions nuclears i defecte de massa; fissió i fusió; aplicacions i riscos de la radioactivitat,càlcul; gràfic; qualitativa,3,2.5,2,2,cesi 137; datació; vins; activitat; període de semidesintegració; corba de decaïment; fissió de l'urani; guerra freda; Txernòbil,False
2020_ord_s3_P6_lluna-terra-periode-forces,Període de la Lluna i punt d'equilibri gravitatori Terra-Lluna,2020,ordinaria,3,6,,antic,actual,Camps gravitatoris,òrbites circulars i satèl·lits; energia potencial i potencial gravitatori; camp gravitatori i superposició; llei de la gravitació universal,càlcul,3,2.5,2,0,Lluna; Terra; període de translació; energia potencial gravitatòria; punt d'equilibri; forces gravitatòries; equació de segon grau,False
2020_ord_s3_P7_laser-vidre-ona-electromagnetica,Feix làser dins d'un vidre,2020,ordinaria,3,7,,antic,actual,Vibracions i ones,ones electromagnètiques i espectre; ones harmòniques i equació d'ona; reflexió i refracció,càlcul; qualitativa,3,2.5,2,0,làser; vidre; ona electromagnètica; camp elèctric; camp magnètic; índex de refracció; longitud d'ona; direcció de propagació,False
2020_ord_s3_P8_hidrogen-muonic-bohr,Hidrogen muònic segons el model de Bohr,2020,ordinaria,3,8,,antic,actual,"Física relativista, quàntica i nuclear",model de Bohr i espectres atòmics; fotons i energia de la radiació; física de partícules; camp elèctric i llei de Coulomb,càlcul; deducció; qualitativa,4,2.5,2,1,model de Bohr; hidrogen muònic; muó; leptó; radi de Bohr; llei de Coulomb; transició electrònica; fotó emès,False
2021_ext_s1_P1_transit-planetari-exoplaneta,Trànsit planetari d'un exoplaneta,2021,extraordinaria,1,1,,antic,actual,Camps gravitatoris,lleis de Kepler; òrbites circulars i satèl·lits,càlcul; gràfic,3,2.5,2,1,exoplaneta; trànsit planetari; lluminositat; tercera llei de Kepler; període orbital; radi orbital; velocitat orbital; acceleració centrípeta,False
2021_ext_s1_P2_feix-electrons-soldadura,Feix d'electrons per a soldadura aeroespacial,2021,extraordinaria,1,2,,antic,actual,Camps electromagnètics,moviment de càrregues en camps elèctrics; potencial i energia potencial elèctrica,càlcul; qualitativa; diagrama,3,2.5,2,2,feix d'electrons; càtode; ànode; camp elèctric uniforme; diferència de potencial; treball del camp elèctric; energia cinètica; soldadura per feix d'electrons,False
2021_ext_s1_P3_corda-violi-harmonics,Harmònics de la corda d'un violí,2021,extraordinaria,1,3,,antic,actual,Vibracions i ones,ressonància i harmònics en tubs i cordes; ones harmòniques i equació d'ona,càlcul; diagrama,2,2.5,2,2,corda vibrant; harmònic fonamental; segon harmònic; nodes; ventres; ona estacionària; so; velocitat del so; longitud d'ona,False
2021_ext_s1_P4_cambra-boira-desintegracio-neutro,Desintegració beta del neutró en una cambra de boira,2021,extraordinaria,1,4,,antic,actual,"Física relativista, quàntica i nuclear",radioactivitat i llei de desintegració; reaccions nuclears i defecte de massa,qualitativa; càlcul,2,2.5,2,1,cambra de boira; desintegració beta; neutró; protó; electró; antineutrí; defecte de massa; energia alliberada; keV,False
2021_ext_s1_P5_linia-alta-tensio-induccio,"Cable d'alta tensió, camp magnètic terrestre i espires",2021,extraordinaria,1,5,,antic,actual,Camps electromagnètics,força magnètica sobre corrents i entre fils; flux magnètic i inducció (Faraday-Lenz),càlcul; qualitativa; diagrama,4,2.5,2,3,línia d'alta tensió; camp magnètic terrestre; força sobre un corrent; producte vectorial; corrent altern; flux magnètic; inducció electromagnètica; llei de Faraday; llei d'Ohm,False
2021_ext_s1_P6_violins-nivell-intensitat,Nivell d'intensitat sonora de diversos violins,2021,extraordinaria,1,6,,antic,actual,Vibracions i ones,ones sonores i nivell d'intensitat,càlcul,2,2.5,2,0,nivell d'intensitat sonora; decibels; intensitat del so; superposició de fonts sonores; escala logarítmica,False
2021_ext_s1_P7_alternador-bobina-flux,Flux i força electromotriu en un alternador,2021,extraordinaria,1,7,,antic,actual,Camps electromagnètics,"flux magnètic i inducció (Faraday-Lenz); generadors, motors i transformadors",càlcul; deducció,3,2.5,2,1,alternador; bobina; flux magnètic; força electromotriu induïda; llei de Faraday; corrent altern; freqüència angular,False
2021_ext_s1_P8_efecte-fotoelectric-llum-verda-groga,Efecte fotoelèctric amb llum verda i groga,2021,extraordinaria,1,8,,antic,actual,"Física relativista, quàntica i nuclear",efecte fotoelèctric,càlcul,2,2.5,2,0,efecte fotoelèctric; funció de treball; potencial de frenada; freqüència llindar; energia del fotó; llum verda; llum groga,False
2021_ord_s2_P1_kepler-tercera-llei-massa-sol,Deducció de la tercera llei de Kepler i massa del Sol,2021,ordinaria,2,1,,antic,actual,Camps gravitatoris,lleis de Kepler; òrbites circulars i satèl·lits,deducció; càlcul,3,2.5,2,0,Kepler; tercera llei; deducció; moviment circular uniforme; gravitació universal; massa del Sol; taula de dades orbitals,False
2021_ord_s2_P2_triangle-carregues-camp-electric,Triangle de tres càrregues negatives iguals,2021,ordinaria,2,2,,antic,actual,Camps electromagnètics,camp elèctric i llei de Coulomb; potencial i energia potencial elèctrica,càlcul; qualitativa; deducció,3,2.5,2,3,triangle equilàter; càrregues iguals; camp elèctric nul; simetria; superposició de camps; energia de formació; energia potencial electrostàtica,False
2021_ord_s2_P3_bloc-molla-mhs-energia,Bloc lligat a una molla horitzontal,2021,ordinaria,2,3,,antic,actual,Vibracions i ones,moviment harmònic simple; energia del MHS,càlcul; gràfic,3,2.5,2,2,molla horitzontal; MHS; amplitud; període; equació del moviment; energia mecànica; energia cinètica; energia potencial elàstica; gràfica temporal,False
2021_ord_s2_P4_regio-quadrada-camp-electric,Regió quadrada amb camp elèctric uniforme,2021,ordinaria,2,4,,antic,actual,Camps electromagnètics,potencial i energia potencial elèctrica; moviment de càrregues en camps elèctrics,càlcul; qualitativa,3,2.5,2,1,camp elèctric uniforme; diferència de potencial; línies de camp; superfície equipotencial; protó; moviment rectilini uniformement accelerat; treball del camp elèctric,False
2021_ord_s2_P5_nitrogen13-desintegracio-beta,Desintegració beta+ del nitrogen-13,2021,ordinaria,2,5,,antic,actual,"Física relativista, quàntica i nuclear",radioactivitat i llei de desintegració,càlcul; qualitativa,3,2.5,2,0,nitrogen-13; desintegració beta+; neutrí; positró; període de semidesintegració; constant de desintegració; activitat radioactiva; llei de desintegració exponencial,False
2021_ord_s2_P6_bobina-imant-fem-induida,Imant oscil·lant dins una bobina,2021,ordinaria,2,6,,antic,actual,Camps electromagnètics,flux magnètic i inducció (Faraday-Lenz),càlcul; gràfic; qualitativa,4,2.5,2,2,inducció electromagnètica; llei de Faraday-Lenz; flux magnètic; força electromotriu; corrent induït; freqüència; gràfica de la FEM,False
2021_ord_s2_P7_corda-violi-harmonics-so,Harmònics en la corda d'un violí i intensitat sonora,2021,ordinaria,2,7,,antic,actual,Vibracions i ones,ressonància i harmònics en tubs i cordes; ones sonores i nivell d'intensitat,càlcul; diagrama,4,2.5,2,2,ona estacionària; corda vibrant; harmònic fonamental; tercer harmònic; nodes i ventres; velocitat de propagació; nivell d'intensitat sonora; decibels; potència sonora,False
2021_ord_s2_P8_efecte-fotoelectric-rubidi,Fotons de llum vermella i verda i efecte fotoelèctric al rubidi,2021,ordinaria,2,8,,antic,actual,"Física relativista, quàntica i nuclear",fotons i energia de la radiació; efecte fotoelèctric,càlcul; gràfic; qualitativa,3,2.5,2,1,fotó; energia d'un fotó; mol de fotons; efecte fotoelèctric; funció de treball; freqüència llindar; energia cinètica màxima; gràfica esquemàtica,False
2022_ext_s3_P1_nanosatellit-orbita-circular,Nanosatèl·lit de la Generalitat en òrbita circular,2022,extraordinaria,3,1,,antic,actual,Camps gravitatoris,llei de la gravitació universal; òrbites circulars i satèl·lits; energia mecànica orbital,deducció; càlcul,3,2.5,2,0,nanosatèl·lit; òrbita circular; velocitat orbital; període orbital; velocitat de llançament; conservació de l'energia mecànica; satèl·lit artificial,False
2022_ext_s3_P2_carrega-puntual-equipotencials,"Càrrega puntual, superfícies equipotencials i línies de camp",2022,extraordinaria,3,2,,antic,actual,Camps electromagnètics,potencial i energia potencial elèctrica; línies de camp i superfícies equipotencials,càlcul; diagrama; qualitativa,2,2.5,2,2,càrrega puntual; potencial elèctric; superfícies equipotencials; línies de camp elèctric; representació gràfica; perpendicularitat camp-equipotencial,False
2022_ext_s3_P3_volca-cumbre-vieja-ona-estacionaria,El volcà Cumbre Vieja com a tub d'ona estacionària,2022,extraordinaria,3,3,,antic,actual,Vibracions i ones,ones estacionàries; ressonància i harmònics en tubs i cordes; ones sonores i nivell d'intensitat,càlcul; diagrama,3,2.5,2,1,volcà Cumbre Vieja; ona estacionària; tub tancat-obert; freqüència fonamental; node; ventre; nivell d'intensitat sonora; atenuació amb la distància,False
2022_ext_s3_P4_dos-fils-parallels-camp-magnetic,Camp magnètic i força entre dos fils paral·lels amb corrents oposats,2022,extraordinaria,3,4,,antic,actual,Camps electromagnètics,camp magnètic creat per corrents; força magnètica sobre corrents i entre fils,qualitativa; diagrama; càlcul,4,2.5,2,6,fils paral·lels; corrents antiparal·lels; regla de la mà dreta; superposició de camps magnètics; força entre fils; camp magnètic en 3D,False
2022_ext_s3_P5_rado-desintegracio-estanca,Desintegració del radó en una estança,2022,extraordinaria,3,5,,antic,actual,"Física relativista, quàntica i nuclear",radioactivitat i llei de desintegració; aplicacions i riscos de la radioactivitat,experimental; gràfic; càlcul,3,2.5,2,2,radó 222; desintegració alfa; període de semidesintegració; constant de desintegració; activitat; becquerel; curie; EPA; gràfic experimental,False
2022_ext_s3_P6_efecte-fotoelectric-funcio-treball,Efecte fotoelèctric i funció de treball,2022,extraordinaria,3,6,,antic,actual,"Física relativista, quàntica i nuclear",efecte fotoelèctric,qualitativa; càlcul,2,2.5,2,0,efecte fotoelèctric; funció de treball; potencial de frenada; energia cinètica dels electrons; freqüència llindar; fotons,False
2022_ext_s3_P7_generador-corrent-altern-transformador,Generador de corrent altern i transformador,2022,extraordinaria,3,7,,antic,actual,Camps electromagnètics,"generadors, motors i transformadors",gràfic; càlcul,3,2.5,2,1,generador de corrent altern; gràfic intensitat-temps; freqüència de gir; intensitat màxima; transformador ideal; FEM eficaç; transformador elevador o reductor,False
2022_ext_s3_P8_efecte-pound-rebka-fotons,L'experiment de Pound-Rebka: la gravetat i la freqüència dels fotons,2022,extraordinaria,3,8,,antic,actual,"Física relativista, quàntica i nuclear",fotons i energia de la radiació,càlcul; context-històric,3,2.5,2,1,experiment de Pound-Rebka; fotó; massa efectiva del fotó; quantitat de moviment; energia mecànica; desplaçament gravitatori cap al vermell; GPS,False
2022_ord_s2_P1_lluna-camp-gravitatori-escapament,Camp gravitatori i escapament al sistema Terra-Lluna,2022,ordinaria,2,1,,antic,actual,Camps gravitatoris,òrbites circulars i satèl·lits; velocitat d'escapament,deducció; càlcul,3,2.5,2,0,Lluna; Terra; camp gravitatori; període orbital; moviment circular uniforme; energia cinètica mínima; velocitat d'escapament; energia mecànica,False
2022_ord_s2_P2_dipol-electric-linies-camp,Línies de camp i camp elèctric d'un dipol,2022,ordinaria,2,2,,antic,actual,Camps electromagnètics,línies de camp i superfícies equipotencials; camp elèctric i llei de Coulomb; potencial i energia potencial elèctrica,diagrama; càlcul,2,2.5,2,2,dipol elèctric; línies de camp elèctric; superfícies equipotencials; llei de Coulomb; potencial elèctric; superposició de camps,False
2022_ord_s2_P3_anguila-ona-transversal,Ona transversal en el moviment d'una anguila,2022,ordinaria,2,3,,antic,actual,Vibracions i ones,ones harmòniques i equació d'ona,deducció; càlcul,3,2.5,2,1,ona transversal; anguila; equació d'ona; freqüència angular; nombre d'ona; condicions inicials; velocitat transversal; acceleració transversal,False
2022_ord_s2_P4_ciclotro-particules-carregades,Ciclotró i acceleració de protons,2022,ordinaria,2,4,,antic,actual,Camps electromagnètics,"moviment de càrregues en camps magnètics; selector de velocitats, espectròmetre i ciclotró",deducció; càlcul; qualitativa,4,2.5,2,3,ciclotró; força de Lorentz; moviment circular uniforme; camp elèctric altern; freqüència de ciclotró; protó; longitud d'ona de De Broglie; velocitat relativista,False
2022_ord_s2_P5_cadena-desintegracio-rado,Cadena de desintegració del radó-222,2022,ordinaria,2,5,,antic,actual,"Física relativista, quàntica i nuclear",radioactivitat i llei de desintegració,qualitativa; gràfic; càlcul,3,2.5,2,3,radó; desintegració alfa; desintegració beta; cadena radioactiva; període de semidesintegració; llei de desintegració exponencial; plom estable,False
2022_ord_s2_P6_perseverance-mart-potencial-gravitatori,Aterratge del Perseverance i camp gravitatori uniforme a Mart,2022,ordinaria,2,6,,antic,actual,Camps gravitatoris,energia potencial i potencial gravitatori,càlcul; qualitativa; diagrama,3,2.5,2,2,Mart; Perseverance; camp gravitatori uniforme; diferència de potencial; línies equipotencials; treball; teorema de les forces vives; velocitat constant,False
2022_ord_s2_P7_oboe-piano-espectre-frequencies,Identificació d'un instrument musical a partir del seu espectre,2022,ordinaria,2,7,,antic,actual,Vibracions i ones,ressonància i harmònics en tubs i cordes; ones sonores i nivell d'intensitat,gràfic; qualitativa; càlcul,3,2.5,2,2,espectre de freqüències; harmònics; tub obert-tancat; corda amb dos extrems fixos; oboè; piano; nivell d'intensitat sonora; potència sonora; semiesfera,False
2022_ord_s2_P8_efecte-fotoelectric-cesi-de-broglie,Efecte fotoelèctric en el cesi amb diferents punters làser,2022,ordinaria,2,8,,antic,actual,"Física relativista, quàntica i nuclear",efecte fotoelèctric; dualitat ona-partícula,càlcul; gràfic,3,2.5,2,2,efecte fotoelèctric; cesi; freqüència llindar; treball d'extracció; energia cinètica màxima; electró-volt; longitud d'ona de De Broglie,False
2022_ord_s5_P1_cometa-halley-afeli-periheli,"El cometa Halley, la seva òrbita i el camp gravitatori del Sol",2022,ordinaria,5,1,,antic,actual,Camps gravitatoris,lleis de Kepler; òrbites el·líptiques i moment angular; camp gravitatori i superposició,càlcul; diagrama,3,2.5,2,1,cometa Halley; òrbita el·líptica; tercera llei de Kepler; semieix major; afeli; periheli; intensitat de camp gravitatori,False
2022_ord_s5_P2_particula-fil-camp-electric,Partícula lligada amb un fil dins d'un camp elèctric uniforme,2022,ordinaria,5,2,,antic,actual,Camps electromagnètics,moviment de càrregues en camps elèctrics; potencial i energia potencial elèctrica; línies de camp i superfícies equipotencials,càlcul; diagrama; qualitativa; deducció,4,2.5,2,3,camp elèctric uniforme; força elèctrica; fil que pivota; conservació de l'energia mecànica; diferència de potencial; superfície equipotencial; treball d'una força conservativa,False
2022_ord_s5_P3_molla-periode-massa-mhs,Constant elàstica d'una molla a partir del període d'oscil·lació,2022,ordinaria,5,3,,antic,actual,Vibracions i ones,moviment harmònic simple,càlcul; gràfic; deducció; qualitativa,3,2.5,2,2,molla; període d'oscil·lació; constant elàstica; gràfic T² vs massa; equació del moviment; fase inicial; velocitat màxima; acceleració màxima,False
2022_ord_s5_P4_espectrometre-carboni-isotops,Espectròmetre de masses per a separar ions de carboni,2022,ordinaria,5,4,,antic,actual,Camps electromagnètics,"moviment de càrregues en camps magnètics; selector de velocitats, espectròmetre i ciclotró",deducció; càlcul,3,2.5,2,1,espectròmetre de masses; isòtops de carboni; ió; força magnètica; moviment circular uniforme; radi de la trajectòria; datació de fòssils,False
2022_ord_s5_P5_residus-radioactius-semidesintegracio,Activitat de dues mostres de residus radioactius d'un accident de trànsit,2022,ordinaria,5,5,,antic,actual,"Física relativista, quàntica i nuclear",radioactivitat i llei de desintegració,gràfic; càlcul; experimental,3,2.5,2,4,activitat radioactiva; període de semidesintegració; llei de desintegració exponencial; gràfic activitat-temps; residus nuclears; constant de desintegració,False
2022_ord_s5_P6_transformador-masia,Transformador d'una línia de mitjana tensió per a una masia,2022,ordinaria,5,6,,antic,actual,Camps electromagnètics,"generadors, motors i transformadors",càlcul,2,2.5,2,0,transformador; rendiment; potència elèctrica; relació de transformació; espires; mitjana tensió,False
2022_ord_s5_P7_sirena-doppler-ona-harmonica,Ona sonora d'una sirena i efecte Doppler,2022,ordinaria,5,7,,antic,actual,Vibracions i ones,ones harmòniques i equació d'ona; efecte Doppler,deducció; qualitativa,3,2.5,2,0,ona sonora; equació d'ona harmònica; nombre d'ona; freqüència angular; efecte Doppler; moviment relatiu font-observador,False
2022_ord_s5_P8_positro-electro-anihilacio,Materialització d'un fotó en un parell electró-positró i anihilació,2022,ordinaria,5,8,,antic,actual,"Física relativista, quàntica i nuclear",fotons i energia de la radiació; física de partícules,càlcul; qualitativa,4,2.5,2,0,equació de Dirac; positró; antimatèria; materialització; parell electró-positró; desintegració beta; anihilació; conservació de la càrrega; conservació del moment lineal,False
2023_ext_s2_P1_dart-didymos-dimorphos,Missió DART i l'asteroide binari Didymos–Dimorphos,2023,extraordinaria,2,1,,antic,actual,Camps gravitatoris,llei de la gravitació universal; camp gravitatori i superposició; òrbites circulars i satèl·lits,deducció; càlcul; qualitativa,2,2.5,2,1,missió DART; asteroide; Didymos; Dimorphos; intensitat del camp gravitatori; densitat; velocitat orbital; NASA,False
2023_ext_s2_P2_cubeta-equipotencials,Equipotencials i camp elèctric en una cubeta amb plaques de coure,2023,extraordinaria,2,2,,antic,actual,Camps electromagnètics,línies de camp i superfícies equipotencials; potencial i energia potencial elèctrica; camp elèctric i llei de Coulomb; moviment de càrregues en camps elèctrics,experimental; gràfic; diagrama; càlcul,3,2.5,2,5,cubeta electrolítica; plaques paral·leles; voltímetre; equipotencials; línies de camp; camp uniforme; pendent; treball elèctric,False
2023_ext_s2_P3_tub-ressonancia-diapaso,Ressonància d'un tub parcialment submergit en aigua amb un diapasó,2023,extraordinaria,2,3,,antic,actual,Vibracions i ones,ones estacionàries; ones sonores i nivell d'intensitat; ones harmòniques i equació d'ona; ressonància i harmònics en tubs i cordes,diagrama; càlcul; qualitativa; experimental,3,2.5,2,3,tub de ressonància; diapasó; harmònics; nodes; ventres; tub tancat per un extrem; velocitat del so; glicerina,False
2023_ext_s2_P4_espectrometre-masses-neo,Espectròmetre de masses amb selector de velocitats per a ions de neó,2023,extraordinaria,2,4,,antic,actual,Camps electromagnètics,"selector de velocitats, espectròmetre i ciclotró; moviment de càrregues en camps magnètics; moviment de càrregues en camps elèctrics; potencial i energia potencial elèctrica",càlcul; diagrama; qualitativa,3,2.5,2,6,espectròmetre de masses; selector de velocitats; força de Lorentz; regla de la mà dreta; ions negatius; neó; trajectòria circular; diferència de potencial,False
2023_ext_s2_P5_molla-massa-mhs,Determinació d'una massa amb una molla oscil·lant i equació del MHS,2023,extraordinaria,2,5,,antic,actual,Vibracions i ones,moviment harmònic simple,qualitativa; deducció; càlcul,2,2.5,2,0,molla; massa oscil·lant; període; constant elàstica; Lluna; equació del moviment; fase inicial; velocitat màxima; acceleració màxima,False
2023_ext_s2_P6_fissio-urani-estadi,Energia d'enllaç de l'urani 235 i fissió per il·luminar un estadi,2023,extraordinaria,2,6,,antic,actual,"Física relativista, quàntica i nuclear",reaccions nuclears i defecte de massa; fissió i fusió,càlcul; qualitativa,3,2.5,2,0,urani 235; defecte de massa; energia d'enllaç per nucleó; estabilitat nuclear; fissió; bari; criptó; central nuclear; kWh,False
2023_ext_s2_P7_sensor-uv-fotoelectric,Sensor d'ultraviolat basat en l'efecte fotoelèctric,2023,extraordinaria,2,7,,antic,actual,"Física relativista, quàntica i nuclear",efecte fotoelèctric; fotons i energia de la radiació,càlcul; qualitativa,2,2.5,2,0,sensor ultraviolat; cèl·lula fotoelèctrica; funció de treball; longitud d'ona llindar; freqüència llindar; tungstè; magnesi; potassi,False
2023_ord_s1_P1_fobos-deimos-mart,"Fobos i Deimos, els satèl·lits de Mart",2023,ordinaria,1,1,,antic,actual,Camps gravitatoris,òrbites circulars i satèl·lits; camp gravitatori i superposició; lleis de Kepler; energia mecànica orbital,càlcul,3,2.5,2,0,Mart; Fobos; Deimos; massa d'un planeta; intensitat del camp gravitatori; període de revolució; tercera llei de Kepler; energia mecànica; satèl·lit natural,False
2023_ord_s1_P2_fil-espira-camp-magnetic,Fil rectilini amb una espira circular intercalada,2023,ordinaria,1,2,,antic,actual,Camps electromagnètics,camp magnètic creat per corrents,càlcul; diagrama; qualitativa,4,2.5,2,7,fil rectilini infinit; espira circular; regla de la mà dreta; superposició de camps magnètics; camp magnètic mínim i màxim; vectors en 3D,False
2023_ord_s1_P3_onades-boia-mhs,Onades del mar i moviment d'una boia,2023,ordinaria,1,3,,antic,actual,Vibracions i ones,ones harmòniques i equació d'ona; moviment harmònic simple,càlcul; deducció; gràfic,2,2.5,2,2,onades; boia; longitud d'ona; freqüència; velocitat de propagació; fase inicial; velocitat màxima; acceleració màxima; gràfica velocitat-temps,False
2023_ord_s1_P4_fusio-proto-proto-aigua,Fusió nuclear i l'energia d'un got d'aigua,2023,ordinaria,1,4,,antic,actual,"Física relativista, quàntica i nuclear",fissió i fusió; reaccions nuclears i defecte de massa; aplicacions i riscos de la radioactivitat,càlcul; qualitativa,3,2.5,2,0,fusió nuclear; cadena protó-protó; defecte de massa; Sol; deuteri; triti; liti 6; partícula alfa; energia neta; reactor de fusió,False
2023_ord_s1_P5_cubeta-equipotencials-dipol,Superfícies equipotencials de dues càrregues en una cubeta,2023,ordinaria,1,5,,antic,actual,Camps electromagnètics,línies de camp i superfícies equipotencials; potencial i energia potencial elèctrica,qualitativa; diagrama; gràfic; càlcul,2,2.5,2,2,cubeta electrolítica; línies equipotencials; dipol elèctric; signe de la càrrega; camp elèctric; treball del camp elèctric; electró,False
2023_ord_s1_P6_espira-flux-induccio,Espira fixa en un camp magnètic variable,2023,ordinaria,1,6,,antic,actual,Camps electromagnètics,flux magnètic i inducció (Faraday-Lenz),qualitativa; gràfic; càlcul,3,2.5,2,4,espira; flux magnètic; llei de Faraday; llei de Lenz; corrent induït; sentit del corrent; força electromotriu; gràfica flux-temps; llei d'Ohm,False
2023_ord_s1_P7_lampada-uva-fotoelectric,Tubs UVA d'una màquina de bronzejar i dispositiu fotoelèctric,2023,ordinaria,1,7,,antic,actual,"Física relativista, quàntica i nuclear",efecte fotoelèctric; fotons i energia de la radiació,càlcul; qualitativa,3,2.5,2,0,efecte fotoelèctric; radiació ultraviolada; màquina de bronzejar; funció de treball; freqüència llindar; energia cinètica màxima; intensitat de corrent; sodi; nombre de fotons,False
2023_ord_s5_P1_sagitari-forat-negre,Estrella S2 al voltant del forat negre Sagitari A*,2023,ordinaria,5,1,,antic,actual,Camps gravitatoris,camp gravitatori i superposició; òrbites circulars i satèl·lits; velocitat d'escapament; llei de la gravitació universal,gràfic; càlcul; deducció; context-històric,3,2.5,2,2,Sagitari A*; forat negre; estrella S2; Premi Nobel 2020; intensitat del camp gravitatori; velocitat orbital; velocitat d'escapament; massa solar; gràfica g-r,False
2023_ord_s5_P2_linies-camp-dos-ions,Línies de camp elèctric de dos ions de càrrega diferent,2023,ordinaria,5,2,,antic,actual,Camps electromagnètics,línies de camp i superfícies equipotencials; camp elèctric i llei de Coulomb,qualitativa; gràfic,3,2.5,2,1,línies de camp elèctric; ions; font i pou de camp; càrrega elemental; superfícies equipotencials; càrrega puntual; dipol asimètric,False
2023_ord_s5_P3_molla-mhs-grafica,Massa unida a una molla a partir de la gràfica x(t),2023,ordinaria,5,3,,antic,actual,Vibracions i ones,moviment harmònic simple,gràfic; càlcul; qualitativa,3,2.5,2,4,molla; constant elàstica; amplitud; període; fase inicial; equació del moviment; velocitat; acceleració; gràfica x-t; gràfica v-t,False
2023_ord_s5_P4_cano-electrons-camp-magnetic,Canó d'electrons amb camp elèctric i desviació magnètica,2023,ordinaria,5,4,,antic,actual,Camps electromagnètics,moviment de càrregues en camps elèctrics; moviment de càrregues en camps magnètics; línies de camp i superfícies equipotencials; potencial i energia potencial elèctrica,càlcul; diagrama; qualitativa,3,2.5,2,5,canó d'electrons; càtode; ànode; camp elèctric uniforme; diferència de potencial; força de Lorentz; regla de la mà dreta; trajectòria semicircular; sublimació,False
2023_ord_s5_P5_cicle-bismut-proces-s,Cicle tancat del bismut en el procés S de nucleosíntesi,2023,ordinaria,5,5,,antic,actual,"Física relativista, quàntica i nuclear",reaccions nuclears i defecte de massa; radioactivitat i llei de desintegració,qualitativa,2,2.5,2,1,nucleosíntesi; procés S; supernova; bismut; poloni; plom; captura neutrònica; desintegració beta; desintegració alfa; antineutrí,False
2023_ord_s5_P6_balanca-imant-forca-magnetica,Balança per mesurar la força magnètica sobre un corrent,2023,ordinaria,5,6,,antic,actual,Camps electromagnètics,força magnètica sobre corrents i entre fils; camp magnètic creat per corrents,càlcul; qualitativa; experimental,3,2.5,2,3,balança; imant; fil conductor; força magnètica; regla de la mà dreta; tercera llei de Newton; fils paral·lels; experiment,False
2023_ord_s5_P7_potencial-frenada-constant-planck,Mètode del potencial invers i constant de Planck,2023,ordinaria,5,7,,antic,actual,"Física relativista, quàntica i nuclear",efecte fotoelèctric; fotons i energia de la radiació,experimental; càlcul; qualitativa; context-històric,4,2.5,2,2,efecte fotoelèctric; potencial de frenada; mètode del potencial invers; constant de Planck; funció de treball; freqüència llindar; cel·la fotoelèctrica; Einstein,False
2024_ext_s3_P1_planetes-ressonancia-hd110067,Planetes en ressonància al voltant de l'estrella HD110067,2024,extraordinaria,3,1,,antic,actual,Camps gravitatoris,òrbites circulars i satèl·lits; lleis de Kepler; energia mecànica orbital,càlcul; diagrama,3,2.5,2,1,exoplanetes; ressonància orbital; HD110067; període orbital; acceleració normal; tercera llei de Kepler; energia mecànica,False
2024_ext_s3_P2_altaveus-interferencia-so,Interferència del so de dos altaveus en fase,2024,extraordinaria,3,2,,antic,actual,Vibracions i ones,interferències; ones sonores i nivell d'intensitat,càlcul; qualitativa,4,2.5,2,1,altaveus; interferència constructiva; interferència destructiva; diferència de camins; freqüència; intensitat sonora; decibels; ones esfèriques,False
2024_ext_s3_P3_fun-fly-stick-levitacio,Levitació electrostàtica amb el Fun-Fly-Stick,2024,extraordinaria,3,3,,antic,actual,Camps electromagnètics,camp elèctric i llei de Coulomb; potencial i energia potencial elèctrica,càlcul; diagrama,3,2.5,2,3,Fun-Fly-Stick; electricitat estàtica; levitació; llei de Coulomb; equilibri de forces; superposició; potencial elèctric; treball extern; electró,False
2024_ext_s3_P4_experiment-oersted-bruixola,Experiment d'Oersted i component horitzontal del camp magnètic terrestre,2024,extraordinaria,3,4,,antic,actual,Camps electromagnètics,"imants, brúixoles i experiment d'Oersted; camp magnètic creat per corrents",diagrama; qualitativa; càlcul; context-històric,3,2.5,2,3,Oersted; brúixola; camp magnètic terrestre; fil rectilini; regla de la mà dreta; superposició de camps; agulla magnètica,False
2024_ext_s3_P5_hipermetropia-lent-convergent,Correcció de la hipermetropia amb una lent convergent,2024,extraordinaria,3,5,,antic,actual,Vibracions i ones,instruments òptics i l'ull; formació d'imatges amb lents i miralls,càlcul; diagrama,2,2.5,2,2,hipermetropia; ulleres; lent convergent; lent prima; distància focal; potència; diòptries; diagrama de raigs; augment lateral,False
2024_ext_s3_P6_carboni14-datacio-draga,Datació amb carboni 14 al jaciment de la Draga,2024,extraordinaria,3,6,,antic,actual,"Física relativista, quàntica i nuclear",radioactivitat i llei de desintegració; aplicacions i riscos de la radioactivitat,deducció; càlcul; qualitativa,2,2.5,2,0,carboni 14; datació radiomètrica; desintegració beta; antineutrí; constant de desintegració; període de semidesintegració; activitat; jaciment de la Draga,False
2024_ext_s3_P7_molla-mhs-forca-elastica,Massa penjada d'una molla en moviment harmònic simple,2024,extraordinaria,3,7,,antic,actual,Vibracions i ones,moviment harmònic simple; energia del MHS,càlcul; gràfic,3,2.5,2,2,molla; oscil·lador harmònic; període; constant elàstica; fase inicial; força elàstica; energia mecànica; energia cinètica; velocitat,False
2024_ord_s1_P1_bepicolombo-orbita-mercuri,Satèl·lit MPO de la missió BepiColombo en òrbita al voltant de Mercuri,2024,ordinaria,1,1,,antic,actual,Camps gravitatoris,llei de la gravitació universal; òrbites circulars i satèl·lits; energia mecànica orbital; velocitat d'escapament,deducció; càlcul,3,2.5,2,0,BepiColombo; Mercuri; velocitat orbital; període orbital; energia mecànica; escapament; combustible; satèl·lit artificial,False
2024_ord_s1_P2_masses-molla-disc-mhs,Ombres d'una massa en una molla i d'una massa en un disc giratori,2024,ordinaria,1,2,,antic,actual,Vibracions i ones,moviment harmònic simple; energia del MHS,càlcul; gràfic,3,2.5,2,3,molla; disc giratori; projecció del moviment circular; ombres; fase inicial; constant elàstica; energia cinètica; energia potencial elàstica,False
2024_ord_s1_P3_camp-electric-terra-gota,Camp elèctric terrestre i gota d'aigua en equilibri,2024,ordinaria,1,3,,antic,actual,Camps electromagnètics,camp elèctric i llei de Coulomb; línies de camp i superfícies equipotencials; equilibri de càrregues en camps elèctrics,càlcul; diagrama,2,2.5,2,2,camp elèctric terrestre; càrrega de la Terra; esfera carregada; gota d'aigua; equilibri de forces; pes; electró; densitat,False
2024_ord_s1_P4_parallamps-camp-magnetic,Camp magnètic creat per un parallamps durant un llamp,2024,ordinaria,1,4,,antic,actual,Camps electromagnètics,camp magnètic creat per corrents; moviment de càrregues en camps magnètics,càlcul; diagrama; gràfic,3,2.5,2,4,parallamps; llamp; fil infinit; regla de la mà dreta; línies de camp magnètic; força de Lorentz; electró; sentit del corrent,False
2024_ord_s1_P5_coets-sant-joan-so,Nivell d'intensitat sonora dels coets de Sant Joan,2024,ordinaria,1,5,,antic,actual,Vibracions i ones,ones sonores i nivell d'intensitat,càlcul,3,2.5,2,0,coets; revetlla de Sant Joan; sonòmetre; decibels; potència sonora; intensitat sonora; ones esfèriques; teorema de Pitàgores,False
2024_ord_s1_P6_poloni-alfa-atom-heli,Desintegració alfa del poloni-210 i formació d'un àtom d'heli,2024,ordinaria,1,6,,antic,actual,"Física relativista, quàntica i nuclear",radioactivitat i llei de desintegració; potencial i energia potencial elèctrica,càlcul,4,2.5,2,1,poloni; Marie Curie; desintegració alfa; activitat; període de semidesintegració; constant de desintegració; àtom d'heli; treball del camp elèctric; energia potencial electrostàtica,False
2024_ord_s1_P7_efecte-fotoelectric-de-broglie,Efecte fotoelèctric en un metall amb llindar de 650 nm,2024,ordinaria,1,7,,antic,actual,"Física relativista, quàntica i nuclear",efecte fotoelèctric; dualitat ona-partícula,càlcul; deducció,2,2.5,2,0,efecte fotoelèctric; longitud d'ona llindar; treball d'extracció; potencial de frenada; energia cinètica; velocitat dels electrons; longitud d'ona de De Broglie,False
2025_ext_s3_E1_bepicolombo-mercuri,Sonda BepiColombo i sonda Mio a Mercuri,2025,extraordinaria,3,1,,nou,actual,Camps gravitatoris,energia potencial i potencial gravitatori; camp gravitatori i superposició; òrbites el·líptiques i moment angular,càlcul; qualitativa,3,2.5,2,0,BepiColombo; Mio; Mercuri; energia potencial gravitatòria; intensitat del camp gravitatori; òrbita el·líptica; periastre; apoastre; moment angular; acceleració normal,False
2025_ext_s3_E2A_vareta-conductor-u,Vareta mòbil sobre un conductor en U,2025,extraordinaria,3,2,A,nou,actual,Camps electromagnètics,flux magnètic i inducció (Faraday-Lenz); força magnètica sobre corrents i entre fils,càlcul; qualitativa; diagrama,3,2.5,2,4,vareta mòbil; conductor en U; flux magnètic; llei de Lenz; llei de Faraday; FEM induïda; corrent induït; força magnètica; regla de la mà dreta,False
2025_ext_s3_E2B_model-bohr-hidrogen,Model de Bohr de l'àtom d'hidrogen,2025,extraordinaria,3,2,B,nou,actual,Camps electromagnètics,camp elèctric i llei de Coulomb; potencial i energia potencial elèctrica; moviment de càrregues en camps elèctrics; model de Bohr i espectres atòmics,deducció; càlcul,3,2.5,2,0,model de Bohr; àtom d'hidrogen; electró; llei de Coulomb; moment angular; quantització; radi de Bohr; energia cinètica; energia potencial elèctrica; energia mecànica,False
2025_ext_s3_E3A_pendol-simple-gravetat,Pèndol simple al taller de l'institut,2025,extraordinaria,3,3,A,nou,actual,Vibracions i ones,moviment harmònic simple; energia del MHS,experimental; gràfic; càlcul,3,2.5,2,3,pèndol simple; període; longitud del fil; representació gràfica; pendent; intensitat del camp gravitatori; conservació de l'energia mecànica; velocitat màxima,False
2025_ext_s3_E3B_trampoli-piscina-laser,Objecte al fons d'una piscina vist des d'un trampolí,2025,extraordinaria,3,3,B,nou,actual,Vibracions i ones,reflexió i refracció; ones electromagnètiques i espectre,càlcul; diagrama,3,2.5,2,2,llei de Snell; refracció; piscina; trampolí; angle límit; reflexió total; índex de refracció; làser; longitud d'ona; freqüència,False
2025_ext_s3_E4_iode-131-radioterapia,Iode 131 en radioteràpia de la tiroide,2025,extraordinaria,3,4,,nou,actual,"Física relativista, quàntica i nuclear",radioactivitat i llei de desintegració; aplicacions i riscos de la radioactivitat; física de partícules,càlcul; gràfic; qualitativa,3,2.5,2,2,iode 131; xenó 131; desintegració beta; antineutrí; nombre leptònic; activitat; constant de desintegració; període de semidesintegració; radioteràpia; tiroide,False
2025_model_s0_E1A_bepicolombo-mercuri-orbita,Satèl·lit MPO de la missió BepiColombo en òrbita al voltant de Mercuri,2025,model,0,1,A,nou,actual,Camps gravitatoris,llei de la gravitació universal; òrbites circulars i satèl·lits; energia mecànica orbital; velocitat d'escapament,deducció; càlcul,3,2.5,2,0,BepiColombo; Mercuri; satèl·lit MPO; velocitat orbital; període orbital; energia mecànica; escapament; combustible,False
2025_model_s0_E1B_estacio-espacial-energia-reentrada,"Estació Espacial Internacional, òrbita i caiguda final",2025,model,0,1,B,nou,actual,Camps gravitatoris,llei de la gravitació universal; òrbites circulars i satèl·lits; energia potencial i potencial gravitatori; energia mecànica orbital,deducció; càlcul; qualitativa,3,2.5,2,0,Estació Espacial Internacional; EEI; velocitat orbital; període orbital; energia mecànica; energia cinètica d'impacte; conservació de l'energia; reentrada,False
2025_model_s0_E2_parallamps-camp-magnetic-fil,Camp magnètic creat per un llamp en un parallamps,2025,model,0,2,,nou,actual,Camps electromagnètics,camp magnètic creat per corrents; moviment de càrregues en camps magnètics,càlcul; diagrama; gràfic; qualitativa,3,2.5,2,4,llamp; parallamps; fil infinit; camp magnètic; regla de la mà dreta; línies de camp; força de Lorentz; electró,False
2025_model_s0_E3_molla-disc-mhs-energia,Ombres d'una molla i d'un disc en rotació (MHS i moviment circular),2025,model,0,3,,nou,actual,Vibracions i ones,moviment harmònic simple; energia del MHS,càlcul; gràfic; experimental,3,2.5,2,3,molla; disc giratori; ombres; moviment circular uniforme; fase inicial; constant elàstica; energia cinètica; energia potencial elàstica,False
2025_model_s0_E4A_poloni-desintegracio-alfa-heli,Desintegració alfa del poloni-210 i formació d'un àtom d'heli,2025,model,0,4,A,nou,actual,"Física relativista, quàntica i nuclear",radioactivitat i llei de desintegració; potencial i energia potencial elèctrica,càlcul,4,2.5,2,1,poloni-210; desintegració alfa; activitat; temps de semidesintegració; constant de desintegració; partícula alfa; àtom d'heli; treball del camp elèctric; energia potencial electrostàtica,False
2025_model_s0_E4B_efecte-fotoelectric-de-broglie,Efecte fotoelèctric amb llindar de 650 nm i longitud d'ona de De Broglie,2025,model,0,4,B,nou,actual,"Física relativista, quàntica i nuclear",efecte fotoelèctric; dualitat ona-partícula,càlcul; deducció,3,2.5,2,0,efecte fotoelèctric; longitud d'ona llindar; treball d'extracció; potencial de frenada; energia cinètica dels electrons; longitud d'ona de De Broglie; quantitat de moviment,False
2025_mostra_experiments_Q1_interferencies-sonores-taula,Interferències sonores amb dos altaveus (taula de dades),2025,mostra,experiments,1,,nou,actual,Vibracions i ones,interferències; ones sonores i nivell d'intensitat,experimental; càlcul; qualitativa,4,2.5,2,1,interferències sonores; altaveus; fonts coherents; diferència de camins; interferència constructiva; punts nodals; longitud d'ona; freqüència; dades experimentals,False
2025_mostra_experiments_Q2_interferencies-sonores-punts,Interferències sonores en punts d'un pla (170 Hz),2025,mostra,experiments,2,,nou,actual,Vibracions i ones,interferències; ones sonores i nivell d'intensitat,experimental; càlcul; qualitativa,3,2.5,2,1,interferències sonores; altaveus; fonts coherents; diferència de camins; màxims i mínims; desfasament; longitud d'ona,False
2025_mostra_experiments_Q3_experiencia-oersted-bruixola,Experiència d'Oersted amb brúixoles,2025,mostra,experiments,3,,nou,actual,Camps electromagnètics,"imants, brúixoles i experiment d'Oersted; camp magnètic creat per corrents",experimental; diagrama; qualitativa,3,2.5,2,1,experiència d'Oersted; brúixola; fil rectilini; corrent continu; línies de camp magnètic; regla de la mà dreta; fonts del camp magnètic,False
2025_mostra_experiments_Q4_linies-camp-dues-carregues,Línies de camp i equipotencials de dues càrregues,2025,mostra,experiments,4,,nou,actual,Camps electromagnètics,línies de camp i superfícies equipotencials; camp elèctric i llei de Coulomb; potencial i energia potencial elèctrica,experimental; qualitativa,3,2.5,2,1,línies de camp elèctric; superfícies equipotencials; càrregues puntuals; superposició; camp nul; potencial elèctric,False
2025_mostra_experiments_Q5_capsula-petri-equipotencials,Superfícies equipotencials en una càpsula de Petri,2025,mostra,experiments,5,,nou,actual,Camps electromagnètics,línies de camp i superfícies equipotencials; potencial i energia potencial elèctrica,experimental; càlcul; diagrama,2,2.5,2,2,càpsula de Petri; plaques paral·leles; camp elèctric uniforme; superfícies equipotencials; voltímetre; sonda; treball elèctric,False
2025_mostra_moment-angular_P1_mercuri-afeli-periheli,Velocitat de Mercuri a l'afeli i al periheli,2025,mostra,moment-angular,1,,nou,actual,Camps gravitatoris,òrbites el·líptiques i moment angular; lleis de Kepler,càlcul; qualitativa; diagrama,2,2.5,1,1,Mercuri; òrbita el·líptica; afeli; periheli; conservació del moment angular; velocitat orbital; excentricitat,False
2025_mostra_moment-angular_P2_parker-solar-probe,Òrbita de la Parker Solar Probe a partir d'una gràfica,2025,mostra,moment-angular,2,,nou,actual,Camps gravitatoris,òrbites el·líptiques i moment angular; lleis de Kepler; energia mecànica orbital,gràfic; diagrama; qualitativa,4,2.0,2,2,Parker Solar Probe; sonda solar; òrbita el·líptica; eix major; periheli; afeli; segona llei de Kepler; conservació del moment angular; radi solar,False
2025_mostra_moment-angular_P3_satellit-energia-moment-angular,Energia mecànica d'un satèl·lit en funció del moment angular,2025,mostra,moment-angular,3,,nou,actual,Camps gravitatoris,òrbites el·líptiques i moment angular; energia mecànica orbital,deducció; càlcul,3,2.5,2,0,satèl·lit; òrbita el·líptica; perigeu; apogeu; semieix major; moment angular; energia mecànica,False
2025_mostra_moment-angular_P4_satellit-canvi-orbita,Satèl·lit que passa d'òrbita circular a el·líptica,2025,mostra,moment-angular,4,,nou,actual,Camps gravitatoris,òrbites circulars i satèl·lits; òrbites el·líptiques i moment angular; energia mecànica orbital; energia potencial i potencial gravitatori,càlcul; qualitativa,3,2.5,2,1,satèl·lit; òrbita circular; òrbita el·líptica; perigeu; apogeu; energia mecànica; conservació del moment angular; maniobra orbital,False
2025_mostra_moment-angular_P5_voyager-escapament-sol,La Voyager 1 i l'escapament del sistema solar,2025,mostra,moment-angular,5,,nou,actual,Camps gravitatoris,òrbites el·líptiques i moment angular; velocitat d'escapament; energia mecànica orbital,càlcul; deducció; qualitativa,4,2.5,2,0,Voyager 1; sonda espacial; moment angular; velocitat angular; velocitat d'escapament; assistència gravitatòria; Júpiter; sistema solar,False
2025_mostra_optica_P1_lupa-taula-lampada,Lupa de taula i imatge d'una làmpada,2025,mostra,optica,1,,nou,actual,Vibracions i ones,formació d'imatges amb lents i miralls; instruments òptics i l'ull,càlcul,2,2.5,2,1,lupa; lent convergent; equació de la lent; augment lateral; distància focal; potència; diòptria,False
2025_mostra_optica_P2_miopia-lent-correctora,Correcció de la miopia amb una lent divergent,2025,mostra,optica,2,,nou,actual,Vibracions i ones,instruments òptics i l'ull; formació d'imatges amb lents i miralls,càlcul; qualitativa; diagrama,3,2.5,2,2,miopia; ull; lent divergent; lent correctora; ulleres; potència; diòptria; diagrama de rajos,False
2025_mostra_optica_P3_mirall-pla-alcada,Alçada mínima d'un mirall pla per veure's sencer,2025,mostra,optica,3,,nou,actual,Vibracions i ones,reflexió i refracció; formació d'imatges amb lents i miralls,càlcul; diagrama; qualitativa,4,2.5,2,2,mirall pla; llei de la reflexió; alçada mínima del mirall; imatge virtual; geometria de rajos; triangles semblants,False
2025_mostra_optica_P4_piscina-angle-limit,Cercle de llum d'una llanterna al fons d'una piscina,2025,mostra,optica,4,,nou,actual,Vibracions i ones,reflexió i refracció,deducció; càlcul; qualitativa,3,2.5,2,3,llei d'Snell; angle límit; reflexió total; índex de refracció; piscina; cercle de llum,False
2025_ord_s1_E1_caixa-eines-eei-orbita,Caixa d'eines en òrbita i desorbitació de l'EEI,2025,ordinaria,1,1,,nou,actual,Camps gravitatoris,llei de la gravitació universal; òrbites circulars i satèl·lits; energia mecànica orbital; energia potencial i potencial gravitatori,deducció; càlcul; qualitativa,3,2.5,2,0,brossa espacial; Estació Espacial Internacional; velocitat orbital; període orbital; energia mecànica; òrbita lligada; conservació de l'energia; energia cinètica d'impacte,False
2025_ord_s1_E2A_experiment-millikan-gota-oli,Experiment de Millikan amb gotes d'oli,2025,ordinaria,1,2,A,nou,actual,Camps electromagnètics,camp elèctric i llei de Coulomb; potencial i energia potencial elèctrica; equilibri de càrregues en camps elèctrics,diagrama; càlcul; qualitativa; context-històric,2,2.5,2,1,experiment de Millikan; gota d'oli; condensador pla; camp elèctric uniforme; equilibri de forces; càrrega de l'electró; quantització de la càrrega,False
2025_ord_s1_E2B_barra-lliscant-circuit-u,Barra que llisca sobre un circuit en U dins d'un camp magnètic,2025,ordinaria,1,2,B,nou,actual,Camps electromagnètics,flux magnètic i inducció (Faraday-Lenz); força magnètica sobre corrents i entre fils,càlcul; qualitativa; diagrama,3,2.5,2,3,barra mòbil; circuit en U; flux magnètic; força electromotriu induïda; llei de Lenz; llei d'Ohm; força magnètica sobre un conductor; regla de la mà dreta,False
2025_ord_s1_E3A_moneda-bloc-angle-limit,Moneda dins d'un bloc de policarbonat i angle límit,2025,ordinaria,1,3,A,nou,actual,Vibracions i ones,reflexió i refracció,deducció; càlcul; qualitativa; diagrama,3,2.5,2,3,llei de Snell; angle límit; angle crític; reflexió total; índex de refracció; policarbonat; esquema de raigs,False
2025_ord_s1_E3B_flauta-travessera-harmonics,Harmònics d'una flauta travessera,2025,ordinaria,1,3,B,nou,actual,Vibracions i ones,ones estacionàries; ones sonores i nivell d'intensitat; ressonància i harmònics en tubs i cordes,càlcul; diagrama,3,2.5,2,2,flauta travessera; tub obert; tub tancat; harmònics; nodes i ventres; ona estacionària; freqüència fonamental; instrument musical,False
2025_ord_s1_E4_sodi24-activitat-volum-sang,Sodi 24 com a traçador per mesurar el volum de sang,2025,ordinaria,1,4,,nou,actual,"Física relativista, quàntica i nuclear",radioactivitat i llei de desintegració; aplicacions i riscos de la radioactivitat,qualitativa; càlcul,2,2.5,2,0,sodi 24; desintegració beta menys; antineutrí; magnesi 24; període de semidesintegració; activitat; traçador radioactiu; volum de sang,False
2026_ext_s2_E1_starlink-orbita-baixa,Satèl·lits Starlink en òrbita terrestre baixa,2026,extraordinaria,2,1,,nou,actual,Camps gravitatoris,llei de la gravitació universal; òrbites circulars i satèl·lits; energia mecànica orbital,deducció; càlcul; qualitativa,2,2.5,2,0,Starlink; constel·lació de satèl·lits; òrbita terrestre baixa; velocitat orbital; període orbital; voltes per dia; energia mecànica; òrbita lligada,False
2026_ext_s2_E2A_dues-carregues-negatives,Dues càrregues puntuals negatives a l'eix x,2026,extraordinaria,2,2,A,nou,actual,Camps electromagnètics,camp elèctric i llei de Coulomb; potencial i energia potencial elèctrica; línies de camp i superfícies equipotencials,diagrama; càlcul; qualitativa,3,2.5,2,3,càrregues puntuals; línies de camp elèctric; línies equipotencials; punt d'equilibri; força nul·la; superposició; treball del camp elèctric; potencial elèctric,False
2026_ext_s2_E2B_espira-quadrada-camp-magnetic,Espira quadrada que travessa una regió amb camp magnètic,2026,extraordinaria,2,2,B,nou,actual,Camps electromagnètics,flux magnètic i inducció (Faraday-Lenz),càlcul; gràfic; qualitativa,3,2.5,2,5,espira quadrada; flux magnètic; força electromotriu induïda; llei de Faraday; llei de Lenz; sentit del corrent induït; gràfica fem-temps; velocitat constant,False
2026_ext_s2_E3A_elefants-nivell-sonor-interferencies,"Bramul d'elefants, nivell d'intensitat sonora i interferències",2026,extraordinaria,2,3,A,nou,actual,Vibracions i ones,ones sonores i nivell d'intensitat; interferències,càlcul,3,2.5,2,1,elefant; bramul; nivell d'intensitat sonora; decibels; ona esfèrica; potència sonora; interferència destructiva; diferència de camí; fonts coherents,False
2026_ext_s2_E3B_lent-escaner-imatge,Lent d'un escàner que forma una imatge invertida de la mateixa mida,2026,extraordinaria,2,3,B,nou,actual,Vibracions i ones,formació d'imatges amb lents i miralls; instruments òptics i l'ull,càlcul; diagrama,2,2.5,2,2,escàner; lent convergent; augment lateral; imatge invertida; distància focal; equació de les lents primes; diagrama de raigs; sensor,False
2026_ext_s2_E4_rado-cadena-urani,El radó i la cadena de desintegració de l'urani,2026,extraordinaria,2,4,,nou,actual,"Física relativista, quàntica i nuclear",radioactivitat i llei de desintegració; aplicacions i riscos de la radioactivitat,càlcul; qualitativa,3,2.5,2,1,radó; cadena de desintegració de l'urani; desintegració alfa; desintegració beta; antineutrí; activitat; període de semidesintegració; constant de desintegració; càncer de pulmó,False
2026_ord_s1_E1A_nanosatellit-orbita-circular,Nanosatèl·lit de la Generalitat en òrbita circular,2026,ordinaria,1,1,A,nou,actual,Camps gravitatoris,llei de la gravitació universal; òrbites circulars i satèl·lits; energia potencial i potencial gravitatori; energia mecànica orbital,deducció; càlcul; qualitativa,2,2.5,2,0,nanosatèl·lit; període orbital; tercera llei de Kepler; energia potencial gravitatòria; energia mecànica; òrbita tancada; satèl·lit artificial,False
2026_ord_s1_E1B_cometa-halley-kepler,Òrbita el·líptica del cometa Halley,2026,ordinaria,1,1,B,nou,actual,Camps gravitatoris,lleis de Kepler; òrbites el·líptiques i moment angular; energia mecànica orbital,diagrama; càlcul; qualitativa,3,2.5,2,1,cometa Halley; periheli; afeli; semieix major; tercera llei de Kepler; segona llei de Kepler; conservació del moment angular; conservació de l'energia; unitat astronòmica,False
2026_ord_s1_E2_tub-raigs-x,Tub de raigs X,2026,ordinaria,1,2,,nou,actual,Camps electromagnètics,moviment de càrregues en camps elèctrics; potencial i energia potencial elèctrica; línies de camp i superfícies equipotencials; fotons i energia de la radiació,càlcul; diagrama,3,2.5,2,2,tub de raigs X; càtode; ànode; camp elèctric uniforme; força elèctrica; electró; teorema de les forces vives; fotó; raigs X,False
2026_ord_s1_E3_mobil-vibrador-mhs-so,Motor vibrador d'un telèfon mòbil,2026,ordinaria,1,3,,nou,actual,Vibracions i ones,moviment harmònic simple; ones harmòniques i equació d'ona; ones sonores i nivell d'intensitat,càlcul,2,2.5,2,0,telèfon mòbil; motor vibrador; equació del MHS; fase inicial; longitud d'ona; nombre d'ona; equació d'ona; intensitat sonora; decibels; front d'ona esfèric,False
2026_ord_s1_E4A_cesi-137-txernobil,Cesi-137 de l'accident de Txernòbil,2026,ordinaria,1,4,A,nou,actual,"Física relativista, quàntica i nuclear",radioactivitat i llei de desintegració; aplicacions i riscos de la radioactivitat,càlcul,2,2.5,2,0,Txernòbil; cesi-137; desintegració beta; antineutrí; vida mitjana; període de semidesintegració; constant de desintegració; activitat; contaminació radioactiva,False
2026_ord_s1_E4B_efecte-fotoelectric-llum-colors,"Efecte fotoelèctric amb llum blava, verda i vermella",2026,ordinaria,1,4,B,nou,actual,"Física relativista, quàntica i nuclear",efecte fotoelèctric; fotons i energia de la radiació,càlcul; qualitativa,2,2.5,2,0,efecte fotoelèctric; cèl·lula fotoelèctrica; funció de treball; potencial de frenada; energia cinètica màxima; fotó; longitud d'ona; llindar,False
